price,retail_price,rating,rating_count,badge_local_product,badge_product_quality,shipping_is_express,countries_shipped_to,merchant_rating_count,merchant_rating,merchant_has_profile_picture,performance
16.0,14,3.76,54,0,0,0,34,568,4.128521126760563,0,average
8.0,22,3.45,6135,0,0,0,41,17752,3.8996732762505633,0,very_successful
8.0,43,3.57,14,0,0,0,36,295,3.989830508474576,0,average
8.0,8,4.03,579,0,0,0,41,23832,4.020434709634105,0,successful
2.72,3,3.1,20,0,0,0,35,14482,4.001588178428394,0,average
3.92,9,5.0,1,0,0,0,40,65,3.507692307692308,0,average
7.0,6,3.84,6742,0,0,0,31,10194,4.076515597410241,1,very_successful
12.0,11,3.76,286,0,0,0,139,342,3.681286549707602,0,successful
11.0,84,3.47,15,0,0,0,36,330,3.803030303030303,0,average
5.78,22,3.6,687,0,0,0,33,5534,3.999819298879653,0,successful
5.79,5,3.46,613,0,0,0,25,9470,3.9568109820485744,0,successful
6.0,8,3.31,13,0,0,0,40,3515,3.983783783783784,0,average
1.91,6,3.45,141,0,0,0,38,557,4.123877917414721,0,successful
5.79,42,3.32,121,0,0,0,43,5083,3.9474719653747785,0,successful
2.0,2,3.65,2457,0,0,0,36,55499,4.138885385322258,0,very_successful
11.0,81,3.92,426,0,0,0,41,39381,4.066326401056347,0,successful
11.0,10,3.72,2058,0,0,0,34,6302,3.958425896540781,0,successful
5.0,25,3.83,17980,0,0,0,41,139223,3.933581376640354,0,very_successful
9.0,9,3.82,5479,0,0,0,43,22089,4.081624337905745,0,very_successful
7.0,7,3.67,214,0,0,0,41,3592,4.062360801781737,0,successful
11.0,10,3.84,1183,0,0,0,69,23609,4.256597060443052,0,successful
5.0,6,3.6,3552,0,0,0,41,12913,3.981336637497096,1,very_successful
11.0,26,3.38,72,0,0,0,51,4516,4.231842338352524,0,successful
7.0,6,3.67,510,0,0,0,138,96838,4.264658501827795,0,successful
5.71,5,3.75,678,0,0,0,43,80093,4.006692220293909,0,successful
9.0,32,4.15,567,0,0,0,41,9395,4.1100585417775415,0,successful
9.0,9,4.03,216,0,0,0,60,4298,4.22940902745463,0,successful
5.65,5,4.29,2996,0,1,0,43,40943,4.017487726839753,0,very_successful
1.74,2,4.25,12,0,0,0,41,18138,3.831513948616165,0,average
5.65,6,4.06,301,0,0,0,54,7034,4.060278646573784,0,successful
14.0,76,4.06,31,0,0,0,36,51369,3.9682688002491777,1,average
5.65,6,4.37,217,0,1,0,38,44837,4.065905390637197,0,successful
8.0,7,3.81,443,0,0,0,46,3460,3.8708092485549135,0,successful
2.66,3,3.44,1136,0,0,0,22,223392,4.3063628061882255,0,successful
9.0,8,3.8,1231,0,0,0,45,10600,3.8675471698113206,0,successful
11.0,10,4.16,274,0,1,0,31,13946,4.000143410296859,0,successful
8.0,17,2.75,8,0,0,0,40,47981,4.025364206665138,0,average
14.0,12,4.06,643,0,0,0,43,80093,4.006692220293909,0,successful
5.8,8,3.83,6,0,0,0,43,16741,3.920852995639448,0,average
13.0,13,4.16,138,0,1,0,41,12913,3.981336637497096,1,successful
9.0,81,4.26,5359,0,1,0,40,59198,4.105054224804892,0,very_successful
7.0,68,1.5,2,0,0,0,43,397,3.858942065491184,0,average
12.0,14,3.79,24,0,0,0,22,196,4.020408163265306,0,average
3.69,40,3.53,59,0,0,0,24,10917,4.3648438215627,0,average
5.0,5,3.82,3208,1,0,0,63,27055,4.151395305858436,0,successful
5.84,56,3.28,36,0,0,0,43,40943,4.017487726839753,0,average
16.0,14,3.0,3,0,0,0,34,31,3.548387096774193,0,average
13.0,50,4.03,855,0,0,0,32,9136,4.085704903677758,1,successful
9.0,8,3.18,1783,0,0,0,24,10474,3.908535421042582,0,successful
7.0,6,3.8,61,0,0,0,45,139607,4.216385997836785,0,average
11.0,20,3.43,14,0,0,0,34,3120,4.174679487179487,0,average
5.84,11,4.19,307,0,0,0,40,10377,4.172785968969837,0,successful
1.0,11,3.8,5,0,0,0,41,8197,3.858118823959985,0,successful
11.0,60,3.38,37,0,0,0,25,703,3.9601706970128014,0,successful
9.0,8,4.03,889,0,0,0,33,16013,4.108849060138637,0,successful
6.0,56,3.5,938,0,0,0,28,13309,3.876699977458863,0,successful
1.0,10,3.56,52,0,0,0,40,91631,3.83793694273772,1,average
9.0,8,4.06,743,0,0,0,41,20681,3.9993714037038823,1,successful
6.0,6,4.0,8,0,0,0,23,127,3.874015748031496,0,average
11.0,68,4.13,211,0,0,0,40,11597,4.2152280762266106,0,successful
7.0,6,4.0,4,0,0,0,139,34,4.352941176470588,0,average
5.0,38,5.0,2,0,0,0,33,9,3.6666666666666665,0,average
2.72,3,3.1,20,0,0,0,35,14482,4.001588178428394,0,average
5.87,11,3.91,209,0,0,0,29,6187,4.391304347826087,0,successful
11.0,10,3.72,1008,0,0,0,25,61895,4.268002261895145,1,successful
8.0,10,2.71,7,0,0,0,20,224,3.892857142857143,0,average
14.0,67,3.81,187,0,0,0,40,11900,4.150756302521009,1,successful
2.0,9,3.47,32,0,0,0,40,4856,4.167627677100494,0,average
8.0,7,3.93,1670,0,0,0,30,66644,4.137581777804454,1,successful
5.79,30,3.41,212,0,0,0,118,21012,4.189843898724538,1,successful
8.0,22,3.74,47,0,0,0,41,50593,3.876761607336984,0,average
4.94,5,3.93,1331,0,0,0,49,55670,4.1214837434884135,1,successful
8.0,7,3.82,2520,0,0,0,14,8821,3.872009976193176,0,successful
11.0,10,3.46,50,0,0,0,41,225438,4.301120485454981,0,average
8.0,33,0.0,0,0,0,0,25,1496,4.169786096256685,0,average
9.0,33,4.5,4,0,0,0,41,8397,4.120281052756937,0,average
7.0,6,4.26,53,0,0,0,31,2055,3.837956204379562,1,average
11.0,10,4.24,1045,0,0,0,36,9200,4.289673913043479,0,successful
8.0,92,3.56,16,0,0,0,55,7076,3.968061051441493,0,average
5.83,5,4.22,2055,0,0,0,35,126370,4.14695734747171,1,successful
8.0,7,3.42,373,0,0,0,63,1322,3.965204236006052,0,successful
5.77,5,4.0,4,0,0,0,31,8996,3.915740329035127,0,average
5.9,5,3.64,1933,0,0,0,30,2366,3.951817413355875,0,successful
6.0,20,3.08,13,0,0,0,43,2776,3.931195965417868,0,average
7.0,6,4.41,17444,0,1,0,35,126370,4.14695734747171,1,very_successful
8.0,7,3.7,1404,0,0,0,48,4178,3.9375299186213497,0,successful
12.0,11,3.81,341,0,0,0,13,2248,4.150355871886121,0,successful
5.78,8,4.0,3975,0,0,0,29,6555,4.184134248665141,0,very_successful
12.0,17,3.94,387,0,0,0,43,1288,3.978260869565217,0,successful
11.0,10,4.07,3070,0,0,0,35,12974,3.965700632033297,0,very_successful
8.0,51,4.29,31,0,1,0,43,5846,3.832535066712282,0,average
11.0,10,3.46,50,0,0,0,41,225438,4.301120485454981,0,average
5.77,48,4.1,20744,0,0,0,46,330405,4.06734764909732,1,very_successful
9.0,8,3.7,3820,0,0,0,20,15748,4.064643129286258,0,very_successful
1.72,2,3.77,30,0,0,0,48,32168,3.884543645859239,0,average
1.86,9,3.57,42,0,0,0,40,7248,3.9430187637969096,0,average
14.0,92,4.54,13,0,0,0,36,54,4.185185185185185,0,average
3.69,4,3.64,212,0,0,0,24,1559,4.039127645926876,0,successful
5.79,42,3.32,121,0,0,0,43,5083,3.9474719653747785,0,successful
11.0,30,4.11,28,1,0,0,45,9541,4.210460119484331,0,average
9.0,8,3.18,72,0,0,0,26,288,3.7291666666666665,0,average
6.0,8,3.96,1338,0,0,0,43,54504,3.80168428005284,1,successful
20.0,17,2.8,15,0,0,0,36,67,3.298507462686567,0,average
5.66,5,3.89,1161,0,0,0,42,99283,4.285597735765438,0,successful
8.0,65,3.97,29,0,0,0,33,239,3.882845188284519,0,average
8.0,7,3.61,668,0,0,0,39,40616,4.098557218830018,0,successful
6.0,6,3.82,134,0,0,0,35,670,3.844776119402985,0,successful
11.0,10,3.96,1556,0,0,0,23,4610,4.252711496746204,0,successful
7.0,6,4.2,107,0,0,0,26,247,3.94331983805668,0,successful
11.0,10,3.77,1694,0,0,0,31,13946,4.000143410296859,0,successful
5.8100000000000005,30,2.61,18,0,0,0,41,26473,3.8947606995807047,0,average
14.0,12,3.93,2946,0,0,0,26,32858,3.88553776857995,0,successful
5.0,51,0.0,0,0,0,0,36,295,3.989830508474576,0,average
5.0,5,4.3,10,0,0,0,22,10799,4.167978516529308,0,average
11.0,10,4.12,249,0,0,0,21,8989,3.851930136833908,1,successful
12.0,67,3.67,3,0,0,0,32,238,4.008403361344538,0,average
5.68,5,4.5,2,0,0,0,109,160,4.5125,1,average
11.0,10,4.0,12,0,0,0,32,546,4.014652014652015,0,average
17.0,15,4.16,3040,0,1,0,52,12881,4.35261237481562,1,successful
7.0,43,3.71,21,0,0,0,40,9078,3.878166997135933,0,average
12.0,85,4.75,4,0,0,0,35,57,4.175438596491228,0,average
7.0,6,5.0,2,0,0,0,41,9703,3.9707307018447904,0,average
7.0,33,3.0,2,0,0,0,41,25222,4.001546269130125,0,average
11.0,59,4.11,135,0,0,0,41,6715,4.057185405807893,1,successful
12.0,43,3.59,27,0,0,0,42,3237,3.948409020698177,0,average
13.0,51,3.61,127,0,0,0,43,17244,3.9464161447459984,0,successful
2.72,9,0.0,0,0,0,0,33,378,3.5978835978835977,0,average
6.0,6,3.99,1600,0,0,0,33,16013,4.108849060138637,0,very_successful
9.0,56,4.03,30,0,0,0,19,49,3.7142857142857135,0,average
5.0,5,5.0,1,0,0,0,47,4,3.75,0,average
5.86,5,3.73,150,0,0,0,30,9308,3.993016759776536,0,successful
2.0,2,3.99,980,0,0,0,23,12309,4.045170200666179,1,successful
7.0,6,4.38,996,0,1,0,41,130598,3.946790915634237,0,successful
5.66,6,3.08,13,0,0,0,35,2782,4.06901509705248,0,average
13.0,17,4.11,792,0,0,0,43,4571,3.910741632028002,0,successful
8.0,7,3.6,1254,0,0,0,28,88193,4.080890773644167,1,successful
11.0,10,3.78,299,0,0,0,35,433,3.896073903002309,0,successful
8.0,7,4.05,8904,0,0,0,31,19221,4.168097393475886,0,very_successful
16.0,76,3.53,38,0,0,0,58,1088,4.272058823529412,1,average
11.0,10,4.6,5,0,0,0,42,38936,4.122996712553935,1,average
11.0,10,3.72,1008,0,0,0,25,61895,4.268002261895145,1,successful
8.0,7,4.16,6860,0,1,0,32,43676,4.283611136550967,0,very_successful
14.0,12,4.04,481,0,0,0,41,26473,3.8947606995807047,0,successful
7.0,6,3.6,25,0,0,0,127,483,4.15527950310559,0,average
12.0,11,3.89,2294,0,0,0,50,59903,4.153665091898569,1,very_successful
7.0,50,3.49,49,0,0,0,132,1290,4.011627906976744,0,successful
2.0,56,3.07,28,0,0,0,26,4435,3.696054114994363,0,average
6.0,16,3.11,27,0,0,0,18,9177,3.8740329083578513,0,average
8.0,7,4.07,267,0,0,0,38,2745,4.1256830601092895,0,successful
8.0,84,3.96,8960,0,0,0,125,48654,4.204916348090599,0,very_successful
8.0,25,4.0,32,0,0,0,43,13127,4.12394301820675,0,successful
11.0,22,3.97,359,0,0,0,30,4508,4.330745341614906,0,successful
3.66,4,3.19,1080,0,0,0,45,10600,3.8675471698113206,0,successful
1.68,2,3.67,12,0,0,0,40,1047,3.956064947468959,0,average
13.0,11,2.5,2,0,0,0,29,31,3.774193548387097,0,average
13.0,11,3.82,11,0,0,0,43,80093,4.006692220293909,0,successful
11.0,16,2.92,12,0,0,0,16,18,3.6666666666666665,0,average
7.0,9,3.75,219,0,0,0,44,30643,4.152726560715335,1,successful
4.8100000000000005,76,4.16,3135,0,0,0,39,24564,3.928879661292949,0,successful
9.0,8,4.29,761,0,0,0,55,5819,4.151916136793264,0,successful
18.0,115,3.68,177,0,0,0,51,300,4.156666666666666,0,average
7.0,6,3.63,601,0,0,0,41,12033,4.024765228953711,0,successful
16.0,14,3.0,3,0,0,0,34,31,3.548387096774193,0,average
5.0,8,3.06,31,0,0,0,40,8484,3.995167373880245,0,successful
1.68,2,3.76,51,0,0,0,30,365,3.9424657534246577,0,successful
7.0,6,3.81,21,0,0,0,49,44,3.772727272727273,0,average
6.0,7,2.67,3,0,0,0,8,1374,4.058951965065503,0,average
13.0,19,3.76,151,0,0,0,12,171,3.9415204678362574,0,successful
11.0,89,3.46,24,0,0,0,52,73595,4.38569196276921,1,average
7.0,6,3.29,1042,0,0,0,46,3460,3.8708092485549135,0,successful
12.0,11,2.0,3,0,0,0,38,5301,4.001131861912847,0,average
6.0,17,4.14,93,0,0,0,74,629,4.166931637519872,0,average
6.0,17,3.28,449,0,0,0,49,7851,4.216278181123424,0,successful
8.0,7,3.89,9,0,0,0,28,88193,4.080890773644167,1,average
8.0,7,3.14,29,0,0,0,32,89,4.067415730337078,0,average
11.0,84,3.98,792,0,0,0,137,6460,4.141021671826626,0,successful
6.0,22,4.04,548,0,0,0,55,7076,3.968061051441493,0,successful
11.0,10,3.76,168,0,0,0,42,1452,3.7355371900826446,0,successful
9.0,8,4.16,31,0,0,0,35,2869,3.9745555942837223,0,average
8.0,26,3.07,14,0,0,0,40,43,3.186046511627907,0,average
3.78,4,3.35,79,0,0,0,38,105015,3.789601485502071,0,successful
8.0,7,3.89,9,0,0,0,124,32724,4.101118445177852,0,average
6.0,145,3.83,52,0,0,0,49,2602,4.159492697924673,0,average
8.0,17,3.96,288,0,0,0,32,892,3.901345291479821,0,successful
9.0,36,4.09,4345,0,0,0,42,49327,4.168345936302633,0,very_successful
5.65,5,4.06,998,0,0,0,65,92654,4.251721458328836,1,successful
3.0,3,3.4,15,0,0,0,36,268,3.8917910447761193,0,average
8.0,10,3.8,5,0,0,0,23,129,3.7906976744186047,0,average
5.74,59,3.99,71,0,0,0,43,3161,4.181588105030054,0,successful
5.0,5,0.0,0,0,0,0,8,129,3.8372093023255816,0,average
8.0,7,3.61,5641,0,0,0,38,70773,4.038319698189988,0,very_successful
3.67,4,4.31,2072,0,0,0,138,11333,4.395746933733345,1,successful
7.0,50,3.49,49,0,0,0,132,1290,4.011627906976744,0,successful
8.0,7,3.69,894,0,0,0,33,3209,4.27859146151449,0,successful
11.0,10,3.64,357,0,0,0,41,39381,4.066326401056347,0,successful
8.0,7,4.0,6,0,0,0,42,19281,4.159898345521498,0,average
22.0,169,3.38,542,0,0,0,35,9341,4.147414623701959,0,successful
8.0,7,3.7,2441,0,0,0,41,39381,4.066326401056347,0,successful
19.0,26,3.01,205,1,0,0,47,5048,4.1596671949286845,0,successful
11.0,10,3.67,215,0,0,0,39,2377,4.063525452250736,0,successful
6.0,6,4.17,505,0,0,0,37,2996,4.348798397863819,0,successful
7.0,56,4.16,1378,0,0,0,41,25222,4.001546269130125,0,successful
7.0,6,3.84,1978,0,0,0,20,7069,4.055028999858537,0,successful
8.0,11,2.81,21,0,0,0,17,31,3.5806451612903225,0,average
14.0,26,3.61,72,0,0,0,39,7385,4.087339201083277,0,average
6.0,6,3.67,27,0,0,0,38,4705,4.040595111583422,0,average
11.0,12,3.45,1045,0,0,0,79,1490,3.946308724832215,0,successful
6.0,21,3.18,573,0,0,0,34,9827,4.113869950137377,1,successful
7.0,47,4.02,556,0,0,0,42,35262,3.939481594918042,0,successful
6.0,76,4.29,1741,0,1,0,32,28159,4.183387194147519,0,successful
7.0,16,3.71,1792,0,0,0,45,1702,3.907168037602821,0,successful
9.0,65,3.7,162,0,0,0,36,3373,3.9647198339756895,0,successful
8.0,10,5.0,2,0,0,0,23,127,3.874015748031496,0,average
11.0,84,3.61,18,0,0,0,27,435,3.855172413793104,0,average
8.0,7,3.76,11062,0,0,0,38,108048,4.052504442470013,1,very_successful
18.0,17,4.17,3229,0,0,0,39,3309,4.250528860682985,0,successful
11.0,30,0.0,0,0,0,0,78,22621,4.295123999823173,0,average
4.83,51,2.0,1,0,0,0,39,57,3.824561403508772,0,average
8.0,7,4.57,7,0,0,0,37,610,3.814754098360656,0,average
5.85,13,3.16,602,0,0,0,38,25631,3.8947368421052633,0,successful
11.0,10,3.96,25,1,1,0,27,794,4.277078085642318,0,average
9.0,34,4.44,18,0,0,0,39,1385,4.124909747292419,0,average
15.0,101,3.91,646,1,0,0,40,29044,4.16027406693293,1,successful
5.0,5,4.06,197,0,0,0,39,2610,4.15823754789272,0,successful
8.0,7,3.52,23,0,0,0,41,139223,3.933581376640354,0,average
5.69,5,4.26,798,0,1,0,51,2199,4.236471123237836,0,successful
6.0,6,4.0,8,0,0,0,23,127,3.874015748031496,0,average
8.0,8,4.03,579,0,0,0,41,23832,4.020434709634105,0,successful
6.0,41,4.1,939,0,0,0,41,9926,3.9492242595204514,0,successful
11.0,89,3.77,48,0,0,0,37,104269,4.253287170683521,0,average
1.72,56,4.0,6,0,0,0,27,1338,4.097159940209267,0,average
5.78,26,3.84,1426,0,0,0,37,3549,3.9822485207100593,0,successful
11.0,10,4.23,1109,0,0,0,48,5781,4.274865940148763,0,successful
12.0,11,3.67,646,0,0,0,24,870,3.891954022988506,0,successful
8.0,42,3.5,409,0,0,0,41,8433,3.8759634768172657,0,successful
1.89,2,3.46,39,0,0,0,33,540,4.105555555555555,0,average
12.0,17,4.21,103,0,0,0,43,20478,3.9103428069147377,1,successful
6.0,6,3.6,569,0,0,0,20,7314,3.938200710965272,0,successful
4.0,4,4.28,1754,0,1,0,18,15538,4.156197708842837,0,successful
7.0,33,2.75,8,0,0,0,43,41623,3.9174494870624414,1,average
8.0,7,3.9,21,0,0,0,21,6126,4.3183153770812925,1,average
5.0,5,4.5,6,0,0,0,45,10600,3.8675471698113206,0,average
5.84,5,3.45,1312,0,0,0,48,32168,3.884543645859239,0,successful
8.0,13,3.99,2753,0,0,0,44,33148,3.97562447206468,0,successful
19.0,21,4.09,1561,0,0,0,40,9116,4.092913558578323,1,successful
11.0,10,3.54,13,0,0,0,42,885,4.15593220338983,1,average
3.85,10,3.33,3,0,0,0,25,7676,4.039473684210527,0,average
9.0,48,4.01,135,0,0,0,25,6632,3.7487937273823886,0,successful
8.0,9,0.0,0,0,0,0,38,108048,4.052504442470013,1,average
11.0,10,4.0,221,0,0,0,36,73119,4.004267016780864,1,successful
6.0,13,3.85,1124,0,0,0,40,15076,4.084969487927832,0,very_successful
5.0,33,3.98,13789,0,0,0,41,366898,4.036080872613097,0,very_successful
16.0,14,4.05,82,0,0,0,36,514,4.217898832684825,0,average
13.0,11,3.91,11,0,0,0,28,38,3.473684210526316,0,average
9.0,34,3.14,28,0,0,0,40,1472,3.5346467391304346,0,average
7.0,6,3.64,11,0,0,0,104,855,4.264327485380117,0,average
6.0,6,3.96,4082,0,0,0,40,45964,3.998651118266469,0,very_successful
8.0,7,3.71,903,0,0,0,35,12974,3.965700632033297,0,successful
4.7,17,4.0,10,0,0,0,43,80093,4.006692220293909,0,average
4.0,4,3.45,1412,0,0,0,45,21412,4.149262096020923,0,successful
8.0,7,3.57,309,0,0,0,41,5365,3.945945945945946,0,successful
16.0,59,3.5,222,0,0,0,43,3743,3.89714133048357,0,successful
11.0,10,3.29,38,0,0,0,80,168,3.732142857142857,0,average
5.77,5,3.85,2892,0,0,0,43,19735,3.975069673169496,0,successful
8.0,84,4.19,3679,0,1,0,37,80713,4.187813611190267,0,successful
14.0,13,4.5,113,0,1,0,40,7627,4.04772518683624,0,average
6.0,26,3.25,12,0,0,0,40,99,3.646464646464647,0,average
13.0,11,4.0,4,0,0,0,42,45151,4.032956080706961,0,average
11.0,50,4.22,2878,0,1,0,43,36361,3.967520145210528,0,very_successful
4.0,4,3.39,783,0,0,0,48,32168,3.884543645859239,0,successful
5.77,16,3.72,687,0,0,0,44,6570,4.220091324200913,0,successful
9.0,50,4.17,2440,0,0,0,41,15106,4.007149477028995,0,very_successful
11.0,16,3.75,1586,0,0,0,42,120781,4.15239979798147,1,successful
7.0,6,4.0,4,0,0,0,139,34,4.352941176470588,0,average
9.0,22,4.24,131,0,0,0,51,4516,4.231842338352524,0,successful
5.8100000000000005,34,3.54,54,0,0,0,43,80093,4.006692220293909,0,successful
11.0,59,3.66,56,0,0,0,54,4811,4.194554146747038,0,average
11.0,10,3.69,2160,0,0,0,37,5281,4.023291043363,1,very_successful
8.0,7,3.53,876,0,0,0,42,2510,3.903585657370518,0,successful
11.0,10,3.65,2422,0,0,0,46,78616,4.310432990739798,0,successful
6.0,6,4.07,844,0,0,0,24,10474,3.908535421042582,0,successful
5.0,6,4.07,824,0,0,0,41,32778,4.048355604368784,0,successful
6.0,6,3.92,609,0,0,0,38,1411,3.923458540042523,0,successful
8.0,7,4.02,1061,0,0,0,43,42919,4.105967054218412,0,successful
13.0,26,4.06,113,0,0,0,35,3682,4.4630635524171645,0,average
11.0,10,3.73,22,0,0,0,68,1746,4.024054982817869,0,average
5.65,25,3.65,418,0,0,0,43,23465,4.01760068186661,1,successful
4.83,51,2.0,1,0,0,0,39,57,3.824561403508772,0,average
8.0,16,4.04,1589,0,0,0,43,3665,4.194270122783084,0,successful
3.0,3,4.29,58,0,1,0,34,1050,3.883809523809524,0,average
8.0,7,3.88,8,0,0,0,25,334,3.736526946107785,0,average
13.0,14,3.74,1938,0,0,0,18,5466,3.941090376875229,0,successful
11.0,88,4.1,1514,0,0,0,35,35751,4.022153226483176,1,successful
7.0,22,3.5,4,0,0,0,37,1531,3.760287393860222,0,average
5.0,5,3.97,538,0,0,0,29,6876,3.775450843513671,0,successful
6.0,6,3.84,309,0,0,0,39,24564,3.928879661292949,0,successful
13.0,11,4.0,4,0,0,0,42,45151,4.032956080706961,0,average
3.0,3,4.12,2826,0,0,0,49,55670,4.1214837434884135,1,very_successful
12.0,26,4.16,663,0,0,0,43,18029,4.100615674746242,0,successful
11.0,10,3.09,22,0,0,0,38,16487,3.967610844908109,0,average
8.0,118,3.85,2519,0,0,0,43,23485,4.02469661486055,0,successful
5.85,13,3.16,602,0,0,0,38,25631,3.8947368421052633,0,successful
6.0,6,3.07,55,0,0,0,27,23161,3.930572945900436,0,average
9.0,57,3.63,146,0,0,0,71,14442,4.143054978534829,0,successful
8.0,7,3.6,141,0,0,0,24,3771,3.881463802704853,0,successful
5.0,5,5.0,2,0,0,0,41,5316,4.224604966139955,0,average
8.0,7,3.71,7,0,0,0,23,211,3.5450236966824646,0,average
9.0,8,3.94,4304,0,0,0,41,18877,4.079885575038406,0,very_successful
8.0,7,3.32,1061,0,0,0,28,88193,4.080890773644167,1,successful
4.8100000000000005,5,0.0,0,0,0,0,47,6,4.333333333333333,0,average
14.0,104,3.44,71,0,0,0,31,151,3.76158940397351,0,average
8.0,7,3.88,8,0,0,0,25,334,3.736526946107785,0,average
8.0,26,5.0,13,0,0,0,33,138,3.659420289855072,0,average
7.0,81,3.57,23,0,0,0,43,7602,3.8566166798211,1,average
3.0,3,3.67,12,0,0,0,40,38100,4.291469816272966,0,average
8.0,8,3.63,187,0,0,0,38,1761,4.089721749006246,0,successful
8.0,10,3.5,6,0,0,0,20,117,3.786324786324786,0,average
12.0,11,3.34,887,0,0,0,14,1021,3.681684622918707,1,successful
11.0,22,2.71,24,1,0,0,43,746,4.018766756032171,0,average
8.0,7,3.0,11,0,0,0,35,5768,4.484396671289876,0,average
8.0,7,4.39,111,0,1,0,38,1290,4.212403100775194,0,average
6.0,30,3.53,325,0,0,0,41,383,3.793733681462141,0,successful
11.0,26,4.25,12,0,0,0,70,874,4.054919908466819,1,average
8.0,7,3.86,28,0,0,0,28,889,4.390326209223847,0,average
8.0,7,3.58,605,0,0,0,36,21226,4.014180721756337,0,successful
9.0,9,3.74,2148,0,0,0,44,246312,4.203725356458476,0,successful
14.0,12,5.0,1,0,0,0,41,9217,4.173049799283932,0,average
13.0,11,3.88,1224,0,0,0,19,56745,3.981073222310336,0,successful
4.84,5,4.09,57,0,0,0,43,16099,3.9514876700416175,1,average
5.0,5,4.11,94,0,0,0,43,10436,4.044844768110387,0,successful
14.0,89,3.43,647,0,0,0,40,5985,4.231746031746032,0,successful
3.0,60,3.57,28,0,0,0,27,1500,3.952,0,average
7.0,6,3.35,1786,0,0,0,47,3566,3.7324733595064497,0,successful
5.0,5,3.93,7088,0,0,0,29,11481,4.095287866910548,0,very_successful
9.0,8,4.07,27,0,0,0,22,34975,4.336583273766976,0,average
9.0,8,4.22,237,0,0,0,138,96838,4.264658501827795,0,successful
8.0,11,4.13,127,0,0,0,15,173,4.30635838150289,0,successful
11.0,10,2.0,1,0,0,0,19,21307,3.999061341343221,0,average
19.0,17,3.77,1163,1,0,0,27,15173,3.959994727476438,0,successful
8.0,25,3.65,2324,0,0,0,39,30292,4.227584840882081,1,successful
7.0,6,3.91,1797,0,0,0,32,9938,4.124874220165023,0,successful
9.0,8,3.18,72,0,0,0,26,288,3.7291666666666665,0,average
12.0,11,3.11,434,0,0,0,29,6876,3.775450843513671,0,successful
8.0,7,3.9,21,0,0,0,21,6126,4.3183153770812925,1,average
7.0,6,3.19,245,0,0,0,43,9341,4.012953645219998,1,successful
8.0,17,3.93,426,0,0,0,41,5807,3.984157051833993,0,successful
8.0,7,0.0,0,0,0,0,10,27175,3.966034958601656,0,average
11.0,10,4.32,3648,0,1,0,39,4448,4.29226618705036,0,very_successful
11.0,30,0.0,0,0,0,0,33,1380,4.007246376811594,0,average
3.7,47,3.18,11,0,0,0,38,359,3.4094707520891365,0,average
14.0,12,3.75,1892,0,0,0,37,16447,4.030461482337205,0,successful
11.0,10,4.26,1273,0,1,0,38,67171,4.1023209420732165,0,successful
18.0,16,3.63,477,0,0,0,27,2116,4.146030245746692,0,successful
12.0,118,4.29,4266,0,1,0,38,165915,4.256076906849893,0,very_successful
14.0,43,4.05,167,0,0,0,43,22711,3.8720443837787855,0,successful
8.0,75,4.33,3,0,0,0,41,4773,4.002933165723864,0,average
1.77,2,4.03,510,0,0,0,45,783,4.237547892720307,0,successful
3.73,9,4.14,856,0,0,0,44,2293,4.145660706498037,0,successful
8.0,22,3.92,12,0,0,0,43,65189,4.049640276733805,0,average
18.0,27,4.09,1903,0,0,0,42,15855,4.052917060864081,0,successful
4.0,4,4.07,46,0,0,0,48,32168,3.884543645859239,0,average
5.68,7,3.89,1232,0,0,0,41,7544,4.05448038176034,0,successful
14.0,12,4.06,643,0,0,0,43,80093,4.006692220293909,0,successful
1.75,6,3.0,2,0,0,0,35,2782,4.06901509705248,0,average
14.0,84,4.13,60,0,0,0,43,849,3.7078916372202593,0,average
8.0,7,2.75,127,0,0,0,25,9470,3.9568109820485744,0,successful
6.0,9,4.04,2211,0,0,0,41,55089,4.032946686271306,1,successful
5.89,5,3.25,392,0,0,0,24,4295,3.849592549476135,0,successful
5.0,5,3.77,435,0,0,0,39,3883,4.288179242853464,0,successful
2.71,3,4.03,7022,0,0,0,38,151249,4.04915734980066,0,very_successful
11.0,10,5.0,3,0,0,0,42,299,4.247491638795987,0,average
16.0,14,4.1,10,0,0,0,44,16803,4.155031839552461,0,average
7.0,26,4.01,542,0,0,0,37,8242,4.216694976947343,0,successful
4.0,4,1.0,1,0,0,0,44,254,3.515748031496063,0,average
6.0,6,3.13,8,0,0,0,41,18877,4.079885575038406,0,average
8.0,17,0.0,0,0,0,0,48,8,3.625,0,average
4.0,4,4.24,41,0,1,0,50,3053,3.8584998362266623,0,average
11.0,20,3.92,2841,0,0,0,41,12371,3.871635276048824,0,successful
12.0,59,3.47,371,0,0,0,41,3592,4.062360801781737,0,successful
11.0,11,2.99,228,0,0,0,17,5264,4.032864741641338,0,successful
1.91,2,4.05,697,0,0,0,22,2399,4.105460608586911,0,successful
5.7,58,3.45,8164,0,0,0,45,96276,4.096233744650796,0,very_successful
8.0,17,4.47,907,0,1,0,40,1963,4.397350993377484,0,successful
9.0,8,3.58,81,0,0,0,43,13814,3.8568843202548138,0,successful
5.72,9,2.5,4,0,0,0,33,1373,3.899490167516388,0,average
2.0,10,3.2,10,0,0,0,41,8225,3.99063829787234,0,average
9.0,9,4.16,129,0,0,0,43,16527,3.9401585284685674,0,successful
15.0,13,4.0,4,0,0,0,42,331,4.021148036253776,0,average
20.0,17,4.17,12,0,0,0,36,26,3.923076923076923,0,average
6.0,9,3.67,304,0,0,0,42,3300,4.024242424242424,0,successful
3.0,3,3.08,109,0,0,0,38,7936,3.964591733870968,0,successful
9.0,10,4.15,2587,0,0,0,31,5808,4.306990358126722,0,successful
8.0,8,3.98,1612,0,0,0,42,35262,3.939481594918042,0,successful
12.0,75,2.82,28,0,0,0,38,29,3.034482758620689,0,average
11.0,13,3.8,5,0,0,0,41,23832,4.020434709634105,0,average
9.0,22,3.3,10,0,0,0,43,16099,3.9514876700416175,1,average
7.0,6,4.33,144,0,1,0,34,10963,4.323907689501049,0,successful
5.92,9,3.71,17,0,0,0,43,5106,4.2128867998433215,0,average
8.0,48,4.34,794,0,1,0,9,3403,4.337349397590361,0,successful
11.0,134,3.54,28,0,0,0,46,1926,4.071651090342679,0,average
8.0,7,3.62,2069,0,0,0,38,12006,3.901216058637348,0,successful
15.0,115,3.94,6735,0,0,0,38,165915,4.256076906849893,0,very_successful
8.0,7,3.59,2189,0,0,0,23,12309,4.045170200666179,1,very_successful
1.68,2,3.95,238,0,0,0,23,12309,4.045170200666179,1,successful
24.0,59,4.21,762,0,0,0,26,4084,4.308276199804114,0,successful
5.65,26,3.67,33,0,0,0,32,3028,4.299207397622193,0,average
13.0,11,4.35,26,0,1,0,139,21,4.047619047619048,0,average
16.0,106,4.07,76,0,0,0,40,15551,4.2336827213684005,0,average
5.83,5,4.36,22,0,0,0,24,17471,3.952836128441417,0,average
7.0,7,3.32,579,0,0,0,31,4213,4.0583906954664135,0,successful
8.0,27,3.98,921,0,0,0,43,41906,4.216412924163604,0,successful
14.0,12,4.06,643,0,0,0,43,80093,4.006692220293909,0,successful
5.65,9,4.23,1002,0,0,0,20,5534,4.088904951210697,0,successful
1.8,2,3.68,76,0,0,0,20,4230,4.041371158392435,0,successful
7.0,6,3.0,22,0,0,0,41,3060,3.9349673202614377,0,average
1.75,6,3.0,2,0,0,0,35,2782,4.06901509705248,0,average
9.0,108,4.06,252,0,0,0,42,5934,3.849511290866195,0,successful
12.0,11,3.49,201,0,0,0,139,779,3.776636713735559,0,successful
8.0,7,3.84,132,0,0,0,31,2055,3.837956204379562,1,successful
5.0,5,4.5,6,0,0,0,45,10600,3.8675471698113206,0,average
11.0,10,3.74,54,0,0,0,41,73271,3.954443094812409,1,successful
8.0,7,3.54,2006,0,0,0,31,13946,4.000143410296859,0,successful
7.0,6,4.0,6,0,0,0,24,1559,4.039127645926876,0,average
6.0,13,3.51,79,0,0,0,43,13979,3.870734673438729,1,successful
6.0,22,4.19,201,0,0,0,55,3439,4.417272462925269,0,successful
13.0,25,3.42,79,0,0,0,41,27764,3.9504034000864423,1,average
7.0,50,4.08,408,0,0,0,41,12763,3.967484133824336,0,successful
13.0,11,3.5,64,0,0,0,30,12919,4.024460097530769,0,successful
12.0,14,3.88,8,0,0,0,22,52,3.8846153846153846,0,average
5.71,13,4.23,317,0,1,0,38,3709,4.242653006201133,0,successful
11.0,51,3.0,4,0,0,0,43,17222,4.001277435837882,1,average
3.79,49,3.93,8412,0,0,0,8,56999,4.046825382901455,0,very_successful
8.0,10,3.39,18,0,0,0,23,290,3.682758620689655,0,average
2.0,3,4.09,6689,0,0,0,38,151249,4.04915734980066,0,very_successful
6.0,22,3.74,518,0,0,0,38,4233,4.016772974249941,0,successful
6.0,6,4.2,15,0,0,0,20,144,3.7222222222222223,0,average
13.0,11,3.75,4,0,0,0,43,18029,4.100615674746242,0,average
8.0,25,4.25,220,0,0,0,43,4072,3.900294695481336,0,successful
7.0,6,0.0,0,0,0,0,140,0,5.0,0,average
11.0,10,4.05,654,0,0,0,54,8117,4.064925465073303,0,successful
11.0,152,3.91,808,0,0,0,43,87178,3.908359907316066,0,successful
8.0,7,3.8,757,0,0,0,44,246312,4.203725356458476,0,successful
1.65,2,3.67,191,0,0,0,38,5654,3.9587902370003536,0,successful
8.0,22,3.7,904,0,0,0,43,6651,4.084799278304015,0,successful
12.0,11,3.76,899,0,0,0,43,1990,4.046733668341709,0,successful
9.0,8,3.84,1982,0,0,0,30,66644,4.137581777804454,1,successful
8.0,7,3.33,3216,0,0,0,43,54504,3.80168428005284,1,very_successful
5.0,51,0.0,0,0,0,0,36,295,3.989830508474576,0,average
11.0,50,3.0,9,0,0,0,36,17,2.9411764705882355,0,average
11.0,10,4.29,410,0,0,0,21,1733,3.842469705712637,0,successful
9.0,8,3.75,429,0,0,0,41,1029,3.8211856171039846,0,successful
7.0,13,3.12,567,0,0,0,42,5934,3.849511290866195,0,successful
6.0,6,3.93,41,0,0,0,38,151249,4.04915734980066,0,average
7.0,14,4.24,50,0,0,0,43,1160,4.143965517241379,0,average
1.65,2,3.67,191,0,0,0,38,5654,3.9587902370003536,0,successful
11.0,106,3.92,10150,0,0,0,45,25093,4.068664567807756,1,very_successful
11.0,85,4.08,454,0,0,0,40,895,4.334078212290502,0,successful
7.0,6,4.12,442,0,0,0,47,1369,4.06135865595325,0,successful
8.0,72,4.01,153,0,0,0,41,4136,3.91247582205029,0,successful
15.0,13,3.95,1632,0,0,0,41,32323,4.040497478575627,0,successful
9.0,46,4.86,7,0,0,0,74,2228,4.228007181328546,0,average
7.0,6,4.41,3078,0,1,0,17,11264,4.101384943181818,0,successful
11.0,10,3.08,39,0,0,0,47,103,3.6893203883495143,0,average
6.0,10,3.0,87,0,0,0,20,232,3.6767241379310343,0,successful
8.0,10,4.07,58,0,0,0,23,123,4.040650406504065,0,average
2.0,2,2.92,12,0,0,0,25,366,3.9754098360655736,0,average
8.0,13,4.04,57,0,0,0,51,4516,4.231842338352524,0,average
22.0,159,4.04,235,0,0,0,80,541,4.097966728280961,0,successful
11.0,10,3.89,140,0,0,0,42,124563,4.193588786397245,0,successful
6.0,6,3.73,142,0,0,0,50,3053,3.8584998362266623,0,successful
6.0,38,4.22,958,0,0,0,40,213709,4.293899648587566,0,successful
9.0,50,3.84,37,0,0,0,42,3237,3.948409020698177,0,average
12.0,11,3.64,1711,0,0,0,36,55499,4.138885385322258,0,very_successful
6.0,6,3.71,2706,0,0,0,38,6714,4.0732797140303845,0,very_successful
9.0,33,3.81,719,0,0,0,45,139788,4.166509285489456,0,successful
18.0,47,4.62,34,1,0,0,82,1465,4.2266211604095565,1,average
11.0,108,2.95,299,0,0,0,52,2608,3.8730828220858897,0,successful
13.0,13,3.7,332,0,0,0,52,4048,4.0644762845849804,0,successful
11.0,38,3.66,8971,0,0,0,42,73701,4.105127474525448,0,very_successful
11.0,10,4.09,100,0,0,0,20,6300,4.078095238095238,0,successful
11.0,10,4.14,51,0,0,0,43,16994,4.2636812992821,1,average
9.0,34,0.0,0,0,0,0,41,14676,4.07420278004906,0,average
6.0,7,2.67,3,0,0,0,8,1374,4.058951965065503,0,average
2.83,3,3.62,1742,0,0,0,20,3791,3.918754945924558,0,very_successful
7.0,159,3.39,1632,0,0,0,41,8547,4.081783081783081,0,successful
15.0,28,3.23,69,0,0,0,51,897,3.850613154960981,0,average
14.0,68,3.44,734,1,0,0,40,13075,4.226462715105162,0,successful
12.0,14,0.0,0,0,0,0,22,52,3.8846153846153846,0,average
5.8100000000000005,30,2.61,18,0,0,0,41,26473,3.8947606995807047,0,average
16.0,22,3.15,72,0,0,0,34,79,3.4177215189873418,0,average
7.0,6,3.8,61,0,0,0,45,139607,4.216385997836785,0,average
8.0,42,3.95,449,0,0,0,40,47981,4.025364206665138,0,successful
12.0,13,3.56,893,0,0,0,42,117487,4.087737366687378,0,successful
11.0,76,4.1,364,1,0,0,40,6343,4.149140785117452,0,successful
11.0,14,3.93,651,0,0,0,83,6383,4.279492401691995,0,successful
5.69,5,3.61,437,0,0,0,39,2114,4.227530747398297,0,successful
12.0,11,3.28,40,0,0,0,38,7936,3.964591733870968,0,average
7.0,6,3.6,25,0,0,0,127,483,4.15527950310559,0,average
7.0,13,3.35,9075,0,0,0,40,839882,4.103759813878616,0,very_successful
5.66,5,4.29,2068,0,1,0,138,2174765,4.356187909958088,0,successful
8.0,7,3.39,2877,0,0,0,47,402743,4.156715324661136,1,very_successful
5.0,5,3.88,1109,0,0,0,50,59903,4.153665091898569,1,successful
14.0,13,4.16,2082,0,0,0,31,5841,4.2177709296353365,0,successful
6.0,47,4.28,134,0,0,0,43,25914,3.862313807208458,0,successful
8.0,7,4.02,2694,0,0,0,31,10258,4.243712224605186,1,successful
5.83,5,4.36,22,0,0,0,24,17471,3.952836128441417,0,average
11.0,21,4.08,545,0,0,0,70,33303,3.981623277182236,0,successful
1.85,11,3.9,97,0,0,0,40,91631,3.83793694273772,1,average
9.0,8,3.61,1926,0,0,0,41,73271,3.954443094812409,1,successful
8.0,56,3.59,1285,0,0,0,36,1260,3.795238095238095,0,successful
3.0,3,3.81,11408,0,0,0,38,151249,4.04915734980066,0,very_successful
6.0,17,3.9,813,0,0,0,38,22765,4.238172633428508,0,successful
3.86,6,4.0,6,0,0,0,20,4098,3.8609077598828696,0,average
9.0,8,4.03,827,0,0,0,42,124563,4.193588786397245,0,successful
5.89,5,3.25,392,0,0,0,24,4295,3.849592549476135,0,successful
11.0,17,3.62,462,0,0,0,36,5880,4.136394557823129,0,successful
8.0,7,3.95,9337,0,0,0,38,40245,3.997589762703442,0,very_successful
8.0,140,4.17,1910,0,0,0,19,2050,4.167804878048781,0,successful
11.0,168,3.33,3,0,0,0,33,47,3.914893617021277,0,average
11.0,168,3.33,3,0,0,0,33,47,3.914893617021277,0,average
8.0,7,2.0,2,0,0,0,41,14676,4.07420278004906,0,average
2.0,8,3.88,8,0,0,0,40,7248,3.9430187637969096,0,average
5.66,5,3.41,27,0,0,0,48,1129,3.83348095659876,0,average
9.0,8,4.1,10,0,0,0,26,4402,4.022944116310768,0,average
8.0,9,4.08,61,0,0,0,39,1585,4.076971608832808,0,average
9.0,8,3.78,282,0,0,0,43,16523,4.038733886098166,0,successful
2.76,17,4.33,49,0,1,0,43,11505,4.136723163841808,0,successful
3.83,4,3.57,67,0,0,0,38,5654,3.9587902370003536,0,average
7.0,9,4.47,1838,0,1,0,43,8727,4.161796722814255,0,successful
6.0,43,3.46,566,0,0,0,43,36361,3.967520145210528,0,successful
8.0,21,4.06,36,0,1,0,48,5781,4.274865940148763,0,average
8.0,9,4.16,45,0,0,0,42,21012,3.885160860460689,0,successful
2.66,3,2.67,12,0,0,0,30,66644,4.137581777804454,1,average
8.0,85,3.37,5685,0,0,0,47,402743,4.156715324661136,1,very_successful
8.0,7,3.55,120,0,0,0,42,7348,4.1374523679912905,0,successful
3.67,9,3.32,510,0,0,0,111,253249,4.070618245284286,1,successful
12.0,81,4.08,1799,0,0,0,38,151914,4.127921060600077,0,very_successful
13.0,11,4.06,4378,0,0,0,43,44067,4.28849252274945,0,very_successful
9.0,8,3.89,740,0,0,0,26,24771,4.047959307254451,0,successful
9.0,85,4.63,8,0,0,0,36,54,4.185185185185185,0,average
8.0,7,3.38,42,0,0,0,14,198,3.8383838383838382,0,average
12.0,11,4.14,3560,0,0,0,30,19521,3.9848368423748783,1,successful
5.0,75,3.8,15,0,0,0,43,17612,3.889677492618669,0,average
6.0,6,4.27,901,0,1,0,31,9486,4.176997680792748,1,successful
14.0,12,3.7,511,0,0,0,27,47356,4.05688825069685,0,successful
8.0,7,4.34,719,0,0,0,43,15348,4.013812874641647,0,successful
8.0,59,4.03,5929,0,0,0,42,15006,4.083566573370652,0,very_successful
8.0,7,3.41,5781,0,0,0,40,32923,4.209154694286669,0,very_successful
18.0,16,4.23,4421,0,0,0,10,18910,4.387414066631412,1,very_successful
3.93,24,3.54,57,0,0,0,28,2399,4.213422259274698,0,average
11.0,10,3.12,25,0,0,0,55,7076,3.968061051441493,0,average
6.0,6,3.67,27,0,0,0,38,4705,4.040595111583422,0,average
8.0,7,4.37,578,0,0,0,31,17816,4.179445442299057,1,successful
11.0,59,4.33,3,0,0,0,41,38258,3.955434157561817,0,average
7.0,26,4.01,542,0,0,0,37,8242,4.216694976947343,0,successful
12.0,11,0.0,0,0,0,0,25,6,4.5,0,average
11.0,10,3.56,71,0,0,0,35,2782,4.06901509705248,0,average
11.0,10,3.96,98,0,0,0,42,5070,4.2767258382643,0,average
3.0,3,4.25,4,0,0,0,27,28,4.035714285714286,0,average
5.0,8,3.51,747,0,0,0,40,5019,4.069535764096433,0,successful
9.0,43,4.74,47,0,0,0,41,4773,4.002933165723864,0,successful
8.0,7,3.61,233,0,0,0,26,32858,3.88553776857995,0,successful
9.0,8,3.88,6360,0,0,0,39,40616,4.098557218830018,0,very_successful
11.0,10,3.73,8609,0,0,0,41,32394,3.9246774093968018,0,very_successful
11.0,84,3.53,3572,0,0,0,60,11965,4.0171333054743,0,very_successful
7.0,6,4.34,3079,0,1,0,37,9661,4.293240865334852,0,successful
3.93,4,4.4,10,0,0,0,20,3791,3.918754945924558,0,average
7.0,6,3.67,18,0,0,0,23,12309,4.045170200666179,1,average
8.0,7,4.0,13,0,0,0,23,129,3.7906976744186047,0,average
7.0,6,4.38,996,0,1,0,41,130598,3.946790915634237,0,successful
3.7,9,2.25,4,0,0,0,35,72,3.7777777777777777,0,average
8.0,51,4.29,31,0,1,0,43,5846,3.832535066712282,0,average
8.0,7,4.11,439,0,0,0,31,14298,4.260595887536718,0,successful
3.94,8,3.9,21,0,0,0,39,189,4.068783068783069,0,average
15.0,13,4.41,277,0,1,0,32,1038,4.254335260115607,0,successful
5.0,5,3.74,149,0,0,0,36,55499,4.138885385322258,0,successful
5.77,5,4.0,4,0,0,0,31,8996,3.915740329035127,0,average
4.67,4,2.88,82,0,0,0,25,7497,4.079365079365079,0,average
11.0,10,3.29,49,0,0,0,80,168,3.732142857142857,0,average
5.9,5,3.26,531,0,0,0,20,7069,4.055028999858537,0,successful
3.7,47,3.18,11,0,0,0,38,359,3.4094707520891365,0,average
5.0,5,3.77,435,0,0,0,39,3883,4.288179242853464,0,successful
9.0,8,3.65,878,0,0,0,20,3915,3.986206896551724,0,successful
16.0,18,3.88,69,0,0,0,41,37753,3.828569914973644,0,average
6.0,6,4.34,1669,0,0,0,49,2736,4.3238304093567255,0,successful
16.0,26,3.67,450,1,0,0,28,12322,4.237542606719688,0,successful
3.76,4,3.34,95,0,0,0,22,3804,4.109621451104101,0,successful
8.0,30,4.01,270,0,0,0,57,2212,4.209312839059675,0,successful
11.0,10,3.13,45,0,0,0,26,364,3.381868131868132,0,average
8.0,7,3.33,3,0,0,0,40,619,4.368336025848143,0,average
12.0,11,4.05,614,0,0,0,42,45151,4.032956080706961,0,successful
8.0,9,4.07,775,0,0,0,43,42919,4.105967054218412,0,successful
11.0,10,3.32,28,0,0,0,18,1151,4.3249348392702,0,average
5.0,5,3.94,2557,0,0,0,48,32168,3.884543645859239,0,successful
5.0,76,3.77,404,0,0,0,45,25093,4.068664567807756,1,successful
7.0,6,3.8,46,0,0,0,35,1685,3.811275964391692,0,successful
8.0,7,4.02,1269,0,0,0,38,39395,4.054423150145958,0,successful
15.0,15,0.0,0,0,0,0,40,4150,4.252289156626506,0,average
12.0,11,3.81,341,0,0,0,13,2248,4.150355871886121,0,successful
7.0,6,4.15,27,0,0,0,56,18529,4.135949052836095,0,average
13.0,68,3.97,1020,0,0,0,38,165915,4.256076906849893,0,successful
9.0,59,3.69,29,0,0,0,42,3300,4.024242424242424,0,average
5.0,5,3.0,45,0,0,0,35,9857,4.053971796692705,0,average
14.0,93,4.24,254,0,0,0,40,90105,4.201298485100716,1,successful
7.0,16,3.94,1116,0,0,0,54,3977,4.145335680160925,0,successful
13.0,84,4.07,2328,0,0,0,41,22173,4.203400532178776,0,successful
2.0,6,4.03,31,0,0,0,35,31138,4.117444922602608,1,successful
4.73,7,4.4,86,0,1,0,35,31138,4.117444922602608,1,average
11.0,37,3.42,7596,0,0,0,39,58068,4.310188055383343,1,very_successful
8.0,122,4.0,1355,1,0,0,34,3532,4.19960362400906,0,successful
4.74,20,4.05,784,0,0,0,40,213709,4.293899648587566,0,successful
8.0,7,3.28,1649,0,0,0,30,6818,3.982399530654151,0,successful
8.0,7,3.83,6,0,0,0,23,211,3.5450236966824646,0,average
8.0,30,3.47,34,0,0,0,35,11030,3.952583862194016,0,average
5.95,6,3.21,48,0,0,0,26,2363,3.853575962759205,0,average
3.65,9,3.38,8,1,0,0,81,8888,4.243249324932493,0,average
2.81,3,3.91,940,0,0,0,43,42919,4.105967054218412,0,successful
4.66,5,4.28,1594,0,1,0,41,85562,4.394591056777541,0,successful
5.0,5,0.0,0,0,0,0,8,129,3.8372093023255816,0,average
5.0,16,4.23,62,0,0,0,41,10501,4.029235310922769,0,successful
8.0,7,3.33,3,0,0,0,40,619,4.368336025848143,0,average
13.0,11,3.53,302,0,0,0,43,4524,3.865384615384616,0,successful
8.0,7,4.3,830,0,1,0,36,9200,4.289673913043479,0,successful
8.0,85,3.5,2,0,0,0,45,59234,3.9870513556403417,0,average
7.0,6,4.07,30,0,0,0,44,16803,4.155031839552461,0,average
12.0,11,3.37,928,0,0,0,32,2397,3.860659157279933,0,successful
5.0,5,3.68,155,0,0,0,45,10600,3.8675471698113206,0,successful
13.0,33,3.88,122,0,0,0,44,114,4.149122807017544,0,successful
14.0,75,4.15,2514,0,0,0,43,27719,4.070637468884159,0,successful
7.0,6,3.48,2504,0,0,0,39,25260,3.995605700712589,0,successful
6.0,6,3.74,6509,0,0,0,43,11740,4.1137989778534925,0,very_successful
8.0,7,4.1,1512,0,0,0,43,92005,4.316243682408564,1,successful
5.0,30,3.69,13,0,0,0,40,16215,3.8400246685168056,0,average
11.0,10,3.54,13,0,0,0,42,885,4.15593220338983,1,average
5.65,33,0.0,0,0,0,0,43,28798,4.0370164594763525,0,average
3.76,7,3.5,8,0,0,0,90,3730,3.880428954423592,0,average
7.0,6,4.57,23,0,1,0,27,105684,4.430935619393664,0,average
4.67,4,4.28,936,0,1,0,138,96838,4.264658501827795,0,successful
11.0,10,3.29,49,0,0,0,80,168,3.732142857142857,0,average
2.8,3,3.17,6,0,0,0,44,4595,4.258106637649619,0,average
16.0,25,4.5,4,0,0,0,55,676,4.014792899408284,0,average
9.0,17,3.63,92,0,0,0,107,3190,4.289968652037618,0,average
7.0,9,3.83,1169,0,0,0,43,33705,4.134935469514909,0,successful
16.0,14,4.0,11,0,0,0,26,3588,4.148272017837235,0,average
9.0,34,4.0,5,0,0,0,61,537,4.4581005586592175,0,average
3.0,26,2.0,3,0,0,0,43,12016,3.954643808255659,0,average
6.0,6,3.83,1458,0,0,0,38,67171,4.1023209420732165,0,successful
12.0,72,3.93,566,0,0,0,38,44840,4.337466547725246,0,successful
6.0,34,3.8,10,0,0,0,41,3897,3.928919681806518,0,average
13.0,13,4.16,138,0,1,0,41,12913,3.981336637497096,1,successful
9.0,19,3.97,588,0,0,0,64,1181,4.01524132091448,0,successful
9.0,26,3.6,1193,0,0,0,43,22711,3.8720443837787855,0,very_successful
5.0,5,3.06,65,0,0,0,13,2248,4.150355871886121,0,average
16.0,84,3.41,27,0,0,0,39,9940,4.048993963782697,0,average
11.0,14,3.76,8029,0,0,0,43,17760,4.137105855855856,1,very_successful
2.0,10,3.2,10,0,0,0,41,8225,3.99063829787234,0,average
8.0,7,3.43,23,0,0,0,43,24132,4.130946461130449,0,average
7.0,7,3.55,793,0,0,0,45,59234,3.9870513556403417,0,successful
14.0,12,3.82,176,0,0,0,42,99800,4.2957915831663325,1,successful
12.0,26,4.16,663,0,0,0,43,18029,4.100615674746242,0,successful
7.0,6,3.72,47,0,0,0,22,17655,4.1278391390540925,1,average
8.0,7,2.79,14,1,0,1,41,7012,4.336708499714774,0,average
8.0,7,3.91,102,0,0,0,37,2076,4.097302504816955,1,successful
14.0,86,4.08,546,0,0,0,17,62240,4.26547236503856,0,successful
6.0,32,3.47,536,0,0,0,18,17120,3.898890186915888,0,successful
11.0,10,3.63,2633,0,0,0,35,12441,3.924684510891408,0,very_successful
8.0,26,4.19,54,0,1,0,43,65189,4.049640276733805,0,successful
14.0,12,4.0,2,0,0,0,22,514,3.875486381322957,0,average
5.0,127,2.79,19,0,0,0,54,9357,4.225392754087848,0,average
11.0,10,4.25,20,0,0,0,33,360,4.230555555555555,0,average
4.8100000000000005,30,0.0,0,0,0,0,43,11378,3.990507997890666,0,average
9.0,21,3.51,47,0,0,0,34,9827,4.113869950137377,1,average
11.0,70,2.0,2,0,0,0,62,528,3.873106060606061,0,average
12.0,11,3.85,398,0,0,0,58,3727,3.863697343708077,0,successful
6.0,140,4.09,538,0,0,0,18,2464,4.03125,0,successful
3.87,15,4.53,43,1,0,0,67,4501,4.232170628749167,0,average
5.0,5,5.0,1,0,0,0,47,4,3.75,0,average
11.0,11,3.75,213,0,0,0,18,17120,3.898890186915888,0,successful
8.0,7,3.54,2006,0,0,0,31,13946,4.000143410296859,0,successful
5.0,30,3.69,13,0,0,0,40,16215,3.8400246685168056,0,average
14.0,25,3.8,50,0,0,0,39,230,3.908695652173913,0,average
3.0,3,3.08,109,0,0,0,38,7936,3.964591733870968,0,successful
9.0,8,3.91,3101,0,0,0,41,12004,4.079223592135954,0,successful
3.83,4,3.57,67,0,0,0,38,5654,3.9587902370003536,0,average
6.0,6,3.67,27,0,0,0,38,4705,4.040595111583422,0,average
9.0,8,3.08,777,0,0,0,24,10474,3.908535421042582,0,successful
12.0,16,3.01,1322,0,0,0,18,17120,3.898890186915888,0,successful
7.0,159,3.39,1632,0,0,0,41,8547,4.081783081783081,0,successful
11.0,10,4.09,2324,0,0,0,35,14095,4.089677190493083,0,successful
3.76,7,3.5,8,0,0,0,90,3730,3.880428954423592,0,average
11.0,159,3.67,585,0,0,0,109,16085,3.8780230027976375,1,successful
11.0,26,3.95,596,0,0,0,33,5534,3.999819298879653,0,successful
13.0,30,2.93,3421,0,0,0,45,200089,4.096666983192479,0,very_successful
5.77,9,2.9,62,0,0,0,43,2044,4.00293542074364,0,average
5.0,5,3.91,43,0,0,0,24,10474,3.908535421042582,0,average
11.0,10,3.34,1897,0,0,0,30,5660,3.958303886925795,1,successful
6.0,17,3.47,55,0,0,0,49,7851,4.216278181123424,0,average
5.0,5,3.34,252,0,0,0,41,15948,4.094745422623526,1,successful
6.0,7,2.67,3,0,0,0,8,1374,4.058951965065503,0,average
8.0,7,3.47,378,0,0,0,137,4434,4.0647271087054575,0,successful
11.0,10,3.74,54,0,0,0,41,73271,3.954443094812409,1,successful
5.0,127,2.79,19,0,0,0,54,9357,4.225392754087848,0,average
7.0,6,3.28,141,0,0,0,23,12309,4.045170200666179,1,successful
12.0,11,3.25,1276,0,0,0,11,6158,3.794738551477753,0,successful
2.0,9,3.67,12,0,0,0,41,111,3.8018018018018016,0,average
4.0,4,3.1,21,0,0,0,25,22615,4.078222418748618,0,average
11.0,11,3.75,1520,0,0,0,60,2975,4.1808403361344535,0,successful
13.0,15,3.49,55,0,0,0,33,3276,4.428571428571429,0,average
6.0,17,4.35,3279,0,1,0,40,110548,4.143666099793755,1,successful
12.0,100,3.68,40,0,0,0,28,4758,4.243589743589744,0,average
12.0,11,3.96,247,0,0,0,41,31916,4.105777666374232,1,successful
14.0,126,4.09,150,0,0,0,40,14291,4.184731649289763,0,average
11.0,10,4.38,8,0,0,0,139,120,4.283333333333333,0,average
14.0,97,4.23,44,0,0,0,36,878,4.210706150341686,0,average
9.0,9,3.37,238,0,0,0,41,28694,3.8938454032201855,0,successful
11.0,10,3.8,10,0,0,0,26,247,3.94331983805668,0,average
3.7,58,3.47,835,0,0,0,118,21012,4.189843898724538,1,successful
9.0,48,4.02,840,0,0,0,43,42919,4.105967054218412,0,successful
3.85,7,4.18,142,0,0,0,35,31138,4.117444922602608,1,successful
8.0,49,3.49,154,0,0,0,22,5422,3.988933972703799,0,successful
14.0,12,3.87,186,0,0,0,26,288,3.7291666666666665,0,successful
11.0,250,3.64,3397,0,0,0,47,402743,4.156715324661136,1,very_successful
6.0,6,3.75,506,0,0,0,24,2127,3.8175834508697695,0,successful
8.0,7,3.39,1248,0,0,0,43,14194,4.041214597717345,0,successful
5.74,5,3.61,2366,0,0,0,50,59903,4.153665091898569,1,successful
11.0,10,3.09,22,0,0,0,38,16487,3.967610844908109,0,average
2.0,2,4.13,143,0,0,0,42,1055,4.036018957345972,0,successful
8.0,7,3.42,373,0,0,0,63,1322,3.965204236006052,0,successful
8.0,7,3.81,166,0,0,0,58,6357,4.254207959729432,0,successful
2.0,2,4.19,81,0,1,0,35,126370,4.14695734747171,1,successful
11.0,10,3.13,908,0,0,0,24,2127,3.8175834508697695,0,successful
11.0,20,3.56,3929,0,0,0,37,33839,3.9623806850084224,0,very_successful
8.0,7,0.0,0,0,0,0,10,27175,3.966034958601656,0,average
5.0,85,3.7,296,0,0,0,41,18138,3.831513948616165,0,successful
9.0,8,3.7,27,0,0,0,81,104,3.894230769230769,0,average
9.0,8,3.68,856,0,0,0,43,5083,3.9474719653747785,0,successful
7.0,6,3.95,65,0,0,0,40,1047,3.956064947468959,0,average
9.0,9,4.1,4874,0,0,0,41,20681,3.9993714037038823,1,very_successful
11.0,11,3.59,1329,0,0,0,44,246312,4.203725356458476,0,successful
2.0,2,2.57,7,0,0,0,30,12919,4.024460097530769,0,average
14.0,12,3.61,5891,0,0,0,32,14553,3.915275200989487,0,very_successful
7.0,26,3.86,2092,0,0,0,33,5534,3.999819298879653,0,successful
8.0,7,3.66,1467,0,0,0,41,8563,3.89711549690529,0,successful
13.0,11,3.87,2731,0,0,0,37,16447,4.030461482337205,0,successful
12.0,85,4.75,4,0,0,0,35,57,4.175438596491228,0,average
8.0,7,4.13,1312,0,0,0,31,7356,4.053017944535074,1,successful
8.0,68,0.0,0,0,0,0,43,626,3.916932907348243,0,average
11.0,10,3.8,75,0,0,0,31,3762,3.7974481658692185,0,successful
5.0,5,3.97,30,0,0,0,45,10600,3.8675471698113206,0,average
5.75,16,4.26,27,0,0,0,32,36,4.444444444444445,0,average
8.0,7,3.32,743,0,0,0,48,4178,3.9375299186213497,0,successful
7.0,6,3.95,65,0,0,0,40,1047,3.956064947468959,0,average
6.0,7,4.0,4,0,0,0,45,139788,4.166509285489456,0,average
11.0,19,3.78,2729,0,0,0,41,4336,4.003228782287823,0,very_successful
5.65,6,3.96,164,0,0,0,23,12309,4.045170200666179,1,successful
8.0,8,4.14,555,0,0,0,41,9678,3.799958669146518,0,successful
5.0,5,3.6,763,0,0,0,20,5995,4.028857381150959,0,successful
11.0,10,4.05,1479,0,0,0,45,5816,3.936382393397524,0,successful
49.0,42,4.67,6,0,0,1,41,29977,4.223137738933182,0,average
5.0,5,4.83,6,0,0,0,40,231,3.038961038961039,0,average
4.66,11,2.92,24,0,0,0,41,8443,4.2757313751036365,0,average
7.0,6,3.0,22,0,0,0,41,3060,3.9349673202614377,0,average
19.0,17,3.4,255,0,0,0,21,18762,3.760579895533525,1,successful
23.0,118,3.86,118,0,0,0,54,8117,4.064925465073303,0,average
9.0,10,3.84,51,0,0,0,39,1078,3.651205936920223,0,average
6.0,34,3.41,106,0,0,0,43,2044,4.00293542074364,0,successful
14.0,92,3.92,25,0,0,0,40,7328,4.227620087336245,0,average
22.0,19,3.66,1103,0,0,0,38,4107,4.09690771852934,0,very_successful
8.0,7,2.98,108,0,0,0,36,942,3.475583864118896,0,successful
2.66,3,2.67,12,0,0,0,30,66644,4.137581777804454,1,average
2.0,9,3.47,32,0,0,0,40,4856,4.167627677100494,0,average
16.0,14,4.34,3075,0,1,0,47,17621,4.301174734691561,0,successful
11.0,11,3.75,213,0,0,0,18,17120,3.898890186915888,0,successful
14.0,12,3.74,582,0,0,0,26,32858,3.88553776857995,0,successful
16.0,16,0.0,0,0,0,0,32,693,4.303030303030303,0,average
8.0,8,4.18,668,0,0,0,15,5226,4.005740528128588,0,successful
9.0,8,4.22,827,0,0,0,43,14275,4.091418563922942,0,successful
14.0,12,4.23,65,0,1,0,33,3520,4.169886363636364,0,average
11.0,10,3.76,1546,0,0,0,36,55499,4.138885385322258,0,successful
15.0,109,3.96,382,0,0,0,36,51369,3.9682688002491777,1,successful
4.0,4,1.0,1,0,0,0,44,254,3.515748031496063,0,average
5.75,5,0.0,0,0,0,0,139,3,2.333333333333333,0,average
9.0,8,3.29,99,0,0,0,28,88193,4.080890773644167,1,successful
6.0,6,3.21,362,0,0,0,24,5914,4.155393980385526,0,successful
8.0,7,4.09,1087,0,0,0,21,4019,3.9609355561084847,0,successful
5.73,5,3.69,182,0,0,0,58,3396,4.2794464075382805,0,successful
8.0,7,3.9,3700,0,0,0,18,9492,4.130004214075011,0,very_successful
11.0,10,3.35,85,0,0,0,33,3668,3.895038167938931,0,successful
8.0,7,3.67,6,0,0,0,37,519,3.791907514450867,0,average
7.0,17,5.0,2,0,0,0,21,46,3.608695652173913,0,average
4.0,6,4.0,10927,0,0,0,30,13665,4.094694474935968,1,very_successful
13.0,11,3.22,9,0,0,0,41,111,3.8018018018018016,0,average
12.0,85,4.15,153,0,0,0,40,15551,4.2336827213684005,0,successful
9.0,10,4.15,2587,0,0,0,31,5808,4.306990358126722,0,successful
5.78,50,3.55,876,0,0,0,10,27175,3.966034958601656,0,successful
5.86,11,4.28,512,0,1,0,29,904,4.264380530973451,0,successful
9.0,22,3.82,1860,0,0,0,18,9177,3.8740329083578513,0,successful
3.87,4,3.34,94,0,0,0,22,3117,4.127366057106192,0,successful
9.0,38,4.52,312,0,1,0,55,27740,4.380173035328046,1,successful
5.74,5,3.38,58,0,0,0,30,66644,4.137581777804454,1,average
9.0,8,4.06,1642,0,0,0,23,12309,4.045170200666179,1,successful
8.0,55,5.0,1,0,0,0,63,6348,4.248582230623819,0,average
3.68,4,3.71,42,0,0,0,38,105015,3.789601485502071,0,average
4.86,8,3.89,115,0,0,0,38,21842,3.7899001922900832,1,successful
11.0,10,3.96,25,1,1,0,27,794,4.277078085642318,0,average
12.0,11,3.29,7,0,0,0,36,28,3.4642857142857144,0,average
15.0,25,3.3,408,0,0,0,25,1335,3.949063670411985,0,successful
3.91,4,3.73,145,0,0,0,48,32168,3.884543645859239,0,successful
11.0,14,3.16,38,0,0,0,94,38985,4.064229831986662,0,average
11.0,84,3.46,56,0,0,0,40,90105,4.201298485100716,1,average
8.0,30,4.18,1352,0,0,0,33,25356,3.9025477204606407,0,successful
8.0,7,3.82,2520,0,0,0,14,8821,3.872009976193176,0,successful
14.0,12,4.36,2010,0,1,0,38,22765,4.238172633428508,0,successful
7.0,33,3.0,2,0,0,0,41,25222,4.001546269130125,0,average
6.0,11,4.0,35,0,0,0,25,3245,3.774114021571649,0,average
6.0,6,4.18,352,0,0,0,37,17738,3.9359003269816215,0,successful
12.0,11,3.0,6,0,0,0,25,366,3.9754098360655736,0,average
9.0,34,4.0,5,0,0,0,61,537,4.4581005586592175,0,average
3.88,4,3.47,34,0,0,0,38,5654,3.9587902370003536,0,average
8.0,7,3.96,3761,0,0,0,20,12476,3.9987976915678094,0,very_successful
12.0,48,3.98,131,0,0,0,43,42919,4.105967054218412,0,successful
5.65,33,3.39,192,0,0,0,41,37956,4.030377278954579,0,successful
11.0,11,4.46,217,0,1,0,41,9002,4.0146634081315264,1,successful
12.0,11,3.82,428,0,0,0,41,18831,3.978864638096755,1,successful
5.74,5,3.61,2366,0,0,0,50,59903,4.153665091898569,1,successful
9.0,8,4.13,23,0,0,0,47,3769,4.239851419474662,0,average
8.0,58,3.45,920,0,0,0,43,4632,4.192789291882556,0,successful
8.0,17,3.39,219,0,0,0,41,73271,3.954443094812409,1,successful
5.79,5,3.78,1022,0,0,0,47,3566,3.7324733595064497,0,successful
8.0,16,3.27,1167,0,0,0,18,9177,3.8740329083578513,0,successful
2.79,13,4.0,2,0,0,0,48,1309,4.2452253628724215,0,average
9.0,84,3.73,82,0,0,0,43,35679,3.909778861515177,0,average
13.0,15,3.49,55,0,0,0,33,3276,4.428571428571429,0,average
8.0,7,3.68,2015,0,0,0,24,3771,3.881463802704853,0,very_successful
5.65,7,4.24,319,0,0,0,40,7627,4.04772518683624,0,successful
4.86,5,3.79,200,0,0,0,20,2707,4.189139268562985,0,successful
6.0,8,3.82,523,0,0,0,54,3218,4.170602858918583,0,successful
6.0,9,4.01,471,0,0,0,35,2505,4.092215568862276,0,successful
8.0,9,4.22,621,0,0,0,39,14974,4.192800854815013,0,successful
11.0,50,3.45,869,0,0,0,43,36361,3.967520145210528,0,successful
9.0,17,3.93,2253,0,0,0,59,16091,4.343235348952831,0,successful
8.0,84,3.74,536,0,0,0,63,30225,4.267890818858561,0,successful
12.0,11,3.8,2066,0,0,0,49,55670,4.1214837434884135,1,very_successful
14.0,37,3.85,422,0,0,0,41,139223,3.933581376640354,0,successful
8.0,7,4.07,14,0,0,0,33,360,4.230555555555555,0,average
8.0,7,3.09,337,0,0,0,37,2076,4.097302504816955,1,successful
8.0,26,5.0,13,0,0,0,33,138,3.659420289855072,0,average
7.0,6,3.44,921,0,0,0,47,3566,3.7324733595064497,0,successful
7.0,26,3.59,677,0,0,0,33,5534,3.999819298879653,0,successful
16.0,111,4.05,580,0,0,0,44,20387,4.1934566145092464,0,successful
11.0,24,3.78,463,0,0,0,41,50864,4.079643755898081,1,successful
9.0,65,4.09,520,0,0,0,94,38985,4.064229831986662,0,successful
5.0,28,3.29,1530,0,0,0,26,4435,3.696054114994363,0,successful
16.0,14,4.52,552,1,1,1,43,6033,4.254433946626886,0,successful
7.0,6,4.23,207,0,0,0,36,4425,4.3324293785310735,1,successful
9.0,50,3.6,985,0,0,0,43,7889,3.99505640765623,0,successful
1.76,2,4.63,35,0,1,0,45,10622,4.455940500847298,0,average
5.0,6,4.07,824,0,0,0,41,32778,4.048355604368784,0,successful
8.0,7,4.23,650,0,0,0,43,28101,4.114800185046796,0,successful
4.69,4,3.95,574,0,0,0,49,55670,4.1214837434884135,1,successful
8.0,18,4.15,158,0,0,0,43,42514,3.740885355412335,0,successful
6.0,6,3.47,19,0,0,0,45,10600,3.8675471698113206,0,average
6.0,33,2.33,3,0,0,0,41,32394,3.9246774093968018,0,average
6.0,10,3.0,87,0,0,0,20,232,3.6767241379310343,0,successful
4.65,4,0.0,0,0,0,0,36,268,3.8917910447761193,0,average
2.67,67,0.0,0,0,0,0,27,13,3.692307692307693,0,average
11.0,10,3.5,10,0,0,0,30,12919,4.024460097530769,0,average
5.0,26,4.0,4,0,0,0,41,19867,4.157547692152816,0,average
11.0,11,4.22,223,0,1,0,35,667,3.7661169415292353,0,successful
7.0,11,3.98,6510,0,0,0,41,43742,4.063965982351059,0,very_successful
12.0,11,3.61,171,0,0,0,54,4811,4.194554146747038,0,successful
1.72,26,4.33,18,0,0,0,43,1373,4.007283321194465,0,successful
1.72,2,4.23,13,0,0,0,55,1250,4.0032,0,average
8.0,47,4.21,1631,0,1,0,38,1659,4.321880650994575,0,successful
5.8,9,3.83,52,0,0,0,43,28295,3.8099664251634566,0,successful
7.0,6,4.12,9207,0,0,0,18,15538,4.156197708842837,0,very_successful
3.66,26,3.2,10,0,0,0,140,269,3.3382899628252787,0,average
3.83,4,3.76,337,0,0,0,42,99283,4.285597735765438,0,successful
13.0,84,4.36,2592,0,1,0,33,23719,4.301066655423922,1,successful
6.0,17,3.85,817,0,0,0,41,50864,4.079643755898081,1,successful
15.0,59,3.87,202,0,0,0,30,7267,4.157836796477226,0,average
8.0,7,4.0,13,0,0,0,23,129,3.7906976744186047,0,average
1.71,2,4.67,3,0,0,0,31,3762,3.7974481658692185,0,average
12.0,43,3.87,632,0,0,0,42,45524,3.9729373517265616,1,successful
20.0,17,4.17,12,0,0,0,36,26,3.923076923076923,0,average
9.0,8,4.17,648,0,0,0,41,37956,4.030377278954579,0,successful
2.0,56,3.73,41,0,0,0,27,3119,3.909907021481244,0,successful
5.0,5,3.4,25,0,0,0,35,98,3.918367346938776,0,average
9.0,14,4.14,644,0,0,0,43,3972,3.849194360523666,1,successful
11.0,10,3.56,71,0,0,0,35,2782,4.06901509705248,0,average
16.0,14,4.27,127,0,1,0,36,514,4.217898832684825,0,successful
7.0,6,3.23,1212,0,0,0,13,1686,3.687425860023725,0,successful
7.0,84,3.93,2526,0,0,0,41,10501,4.029235310922769,0,successful
8.0,54,3.69,14568,0,0,0,78,78307,3.8402569374385433,1,very_successful
8.0,7,3.8,15,0,0,0,14,88,4.045454545454546,0,average
8.0,7,3.66,864,0,0,0,24,4295,3.849592549476135,0,successful
3.0,3,4.04,47,0,0,0,29,11401,4.093588281729673,1,average
8.0,20,3.12,341,0,0,0,138,7858,3.9531687452277935,0,successful
6.0,21,3.18,573,0,0,0,34,9827,4.113869950137377,1,successful
9.0,21,3.51,47,0,0,0,34,9827,4.113869950137377,1,average
11.0,49,3.73,26,0,0,0,43,1160,4.143965517241379,0,average
13.0,11,3.36,350,0,0,0,14,8821,3.872009976193176,0,successful
11.0,11,4.16,1401,0,0,0,37,13879,4.054470783197637,0,successful
7.0,7,4.02,636,0,0,0,41,35358,4.018157135584592,1,successful
9.0,10,0.0,0,0,0,0,43,291,3.690721649484536,0,average
8.0,7,4.19,54,0,1,0,21,8989,3.851930136833908,1,average
8.0,8,4.06,121,0,0,0,42,3300,4.024242424242424,0,successful
6.0,17,4.26,550,0,1,0,48,5781,4.274865940148763,0,successful
14.0,13,4.5,113,0,1,0,40,7627,4.04772518683624,0,average
13.0,93,4.09,127,0,0,0,40,26833,4.235381805985168,0,average
13.0,59,4.14,870,0,0,0,43,16523,4.038733886098166,0,successful
5.0,5,3.88,883,0,0,0,23,11883,4.120676596818985,0,successful
3.69,53,4.36,11,0,0,0,27,277,3.855595667870036,1,average
3.85,69,3.23,185,0,0,0,25,703,3.9601706970128014,0,successful
11.0,10,3.91,22,0,0,0,40,7363,4.106342523427951,0,average
2.0,2,4.19,81,0,1,0,35,126370,4.14695734747171,1,successful
8.0,85,4.5,14,0,0,0,15,173,3.901734104046243,0,average
7.0,7,3.36,11,0,0,0,38,4485,3.810479375696767,0,average
11.0,24,3.73,154,0,0,0,42,47639,4.2134385692394885,0,successful
11.0,10,3.2,249,0,0,0,28,88193,4.080890773644167,1,successful
2.7,3,4.13,1165,0,0,0,33,16013,4.108849060138637,0,successful
5.83,8,3.99,639,0,0,0,40,91631,3.83793694273772,1,successful
11.0,14,3.76,8029,0,0,0,43,17760,4.137105855855856,1,very_successful
12.0,11,3.97,37,0,0,0,42,1452,3.7355371900826446,0,average
5.66,6,3.08,13,0,0,0,35,2782,4.06901509705248,0,average
16.0,14,4.0,11,0,0,0,26,3588,4.148272017837235,0,average
3.67,13,4.09,197,0,0,0,43,11505,4.136723163841808,0,successful
12.0,11,3.73,104,0,0,0,42,17002,4.027820256440418,0,average
2.71,6,3.4,20,0,0,0,31,3762,3.7974481658692185,0,average
5.73,5,4.03,63,0,0,0,137,3852,4.003115264797508,0,average
8.0,7,3.84,1958,0,0,0,25,61895,4.268002261895145,1,successful
9.0,8,3.7,27,0,0,0,81,104,3.894230769230769,0,average
14.0,12,2.7,20,0,0,0,27,1643,3.922702373706634,0,average
3.66,4,3.04,23,0,0,0,138,7858,3.9531687452277935,0,average
6.0,6,3.4,5,0,0,0,14,112,3.625,0,average
12.0,85,3.58,137,0,0,0,43,15407,3.855390406957876,1,successful
9.0,8,3.68,856,0,0,0,43,5083,3.9474719653747785,0,successful
13.0,56,3.55,20,0,0,0,38,111,3.774774774774775,0,average
3.0,3,4.25,4,0,0,0,27,28,4.035714285714286,0,average
9.0,8,3.67,108,0,0,0,35,12441,3.924684510891408,0,successful
11.0,11,3.62,131,0,0,0,41,8362,3.817149007414494,0,successful
11.0,10,3.55,89,0,0,0,32,88,3.5568181818181817,0,average
11.0,10,3.13,45,0,0,0,26,364,3.381868131868132,0,average
9.0,26,3.78,2090,0,0,0,40,839882,4.103759813878616,0,successful
7.0,49,3.99,194,0,0,0,40,2946,4.31602172437203,0,successful
3.73,17,4.37,27,0,1,0,48,343,4.521865889212828,0,average
8.0,10,5.0,2,0,0,0,23,127,3.874015748031496,0,average
3.81,25,3.32,25,0,0,0,35,613,3.9445350734094617,0,average
6.0,142,3.78,1941,0,0,0,41,31559,4.123419626730885,1,successful
12.0,86,4.09,702,0,0,0,37,104269,4.253287170683521,0,successful
6.0,6,5.0,2,0,0,0,27,28,4.035714285714286,0,average
6.0,31,4.09,2789,0,0,0,45,11596,4.280441531562608,0,successful
9.0,8,3.83,13198,0,0,0,53,37076,4.302082209515589,1,very_successful
13.0,11,4.33,12,0,0,0,79,14358,4.093536704276362,0,average
11.0,10,3.75,1717,0,0,0,23,190918,4.235886611005772,0,successful
3.9,5,3.11,57,0,0,0,91,2072,3.882722007722008,0,successful
8.0,47,4.33,110,0,1,0,43,1032,4.577519379844961,0,average
6.0,6,4.2,12880,0,1,0,53,38264,4.227942713777964,0,very_successful
6.0,6,3.93,549,0,0,0,43,80093,4.006692220293909,0,successful
8.0,10,0.0,0,0,0,0,41,21485,4.146241563881778,0,average
4.68,25,3.69,127,0,0,0,43,45372,4.057810984748303,0,successful
8.0,43,4.0,180,0,0,0,41,139223,3.933581376640354,0,successful
8.0,7,4.05,8904,0,0,0,31,19221,4.168097393475886,0,very_successful
8.0,51,3.61,256,0,0,0,38,19760,4.141953441295547,0,successful
7.0,26,2.9,10,0,0,0,33,32,3.1875,0,average
7.0,6,4.11,2483,0,0,0,31,34311,4.066217831016292,0,successful
7.0,30,3.28,179,0,0,0,109,13625,4.382091743119266,1,successful
5.65,5,3.87,108,0,0,0,36,550,4.054545454545455,0,successful
9.0,65,4.09,520,0,0,0,94,38985,4.064229831986662,0,successful
8.0,9,3.35,1316,0,0,0,36,1987,3.987921489682939,0,successful
12.0,58,4.18,239,0,0,0,52,5042,4.146568821896073,0,successful
5.0,5,3.1,31,0,0,0,27,2792,4.325214899713467,0,successful
3.84,4,3.18,55,0,0,0,36,791,4.31858407079646,0,successful
8.0,7,3.56,1473,0,0,0,39,11148,4.180749910297811,0,successful
12.0,31,3.87,344,0,0,0,12,639,4.007824726134586,1,successful
5.79,9,3.96,53,0,0,0,43,104,3.7211538461538463,0,average
7.0,66,0.0,0,0,0,0,41,3694,4.0422306442880345,1,average
3.0,5,4.05,327,0,0,0,90,72885,4.07985182136242,0,successful
13.0,22,4.01,156,0,0,0,30,4508,4.330745341614906,0,successful
8.0,16,4.04,1589,0,0,0,43,3665,4.194270122783084,0,successful
8.0,76,3.64,11,0,0,0,25,70,3.5142857142857142,0,average
9.0,8,4.07,46,0,0,0,30,300,3.966666666666667,0,average
9.0,8,4.27,754,0,1,0,43,18029,4.100615674746242,0,successful
4.9,8,3.83,99,0,0,0,41,17752,3.8996732762505633,0,successful
8.0,38,4.14,196,0,0,0,39,6275,4.383107569721116,0,successful
25.0,38,3.17,6,0,0,0,27,401,4.00997506234414,0,average
2.0,2,2.57,7,0,0,0,30,12919,4.024460097530769,0,average
9.0,8,3.52,295,0,0,0,35,12441,3.924684510891408,0,successful
11.0,42,4.24,55,0,0,0,105,6121,4.365789903610521,0,average
12.0,102,4.22,206,0,1,0,37,2495,4.211623246492986,0,successful
9.0,59,3.77,1721,0,0,0,47,2888,4.1921745152354575,0,successful
7.0,17,5.0,2,0,0,0,21,46,3.608695652173913,0,average
8.0,25,4.0,55,0,0,0,43,2199,4.106866757617099,0,average
8.0,7,4.22,124,0,0,0,43,3950,4.057468354430379,0,successful
15.0,13,3.51,1257,0,0,0,42,19184,4.471017514595497,0,successful
14.0,27,3.52,1442,0,0,0,43,7874,3.95999491998984,0,successful
13.0,11,2.97,2191,0,0,0,35,14482,4.001588178428394,0,very_successful
4.83,51,2.0,1,0,0,0,39,57,3.824561403508772,0,average
6.0,7,4.0,2,0,0,0,44,102568,4.051049060135715,0,average
13.0,11,4.35,26,0,1,0,139,21,4.047619047619048,0,average
11.0,10,4.34,728,0,1,0,20,8500,4.081176470588235,0,successful
8.0,7,3.6,141,0,0,0,24,3771,3.881463802704853,0,successful
7.0,6,4.16,129,0,0,0,73,941,4.20403825717322,0,successful
9.0,8,3.18,72,0,0,0,26,288,3.7291666666666665,0,average
2.0,2,3.89,496,0,0,0,35,14095,4.089677190493083,0,successful
8.0,7,4.01,2543,0,0,0,40,110548,4.143666099793755,1,successful
8.0,7,3.63,161,0,0,0,49,1653,3.973381730187538,0,successful
8.0,7,4.14,2737,0,0,0,36,68339,4.298745957652292,0,successful
18.0,27,4.03,1058,0,0,0,41,12348,3.794946550048591,0,successful
11.0,10,3.7,2682,0,0,0,35,12974,3.965700632033297,0,very_successful
11.0,83,3.87,5719,0,0,0,38,151914,4.127921060600077,0,very_successful
4.0,4,4.03,2150,0,0,0,41,230951,4.311065983693511,0,successful
8.0,7,3.71,951,0,0,0,31,4213,4.0583906954664135,0,successful
8.0,7,3.94,957,0,0,0,21,4373,4.178367253601646,0,successful
6.0,23,3.94,251,0,0,0,54,6457,3.970419699550875,0,successful
5.87,5,3.98,4137,0,0,0,18,4646,4.118811881188119,0,very_successful
2.65,3,4.58,33,0,1,0,14,900,3.9877777777777776,0,average
7.0,6,4.0,2464,0,0,0,50,3271,4.069703454601039,0,very_successful
7.0,22,3.82,11913,0,0,0,46,320031,4.2188662973274464,1,very_successful
14.0,12,3.83,912,0,0,0,41,38258,3.955434157561817,0,successful
19.0,105,4.4,3787,1,1,0,57,295161,4.32994873984029,0,very_successful
8.0,7,3.7,917,0,0,0,38,8166,4.175851089884889,0,successful
7.0,50,4.02,1046,0,0,0,43,36361,3.967520145210528,0,successful
8.0,9,3.09,775,0,0,0,43,54504,3.80168428005284,1,successful
8.0,7,3.93,54,0,0,0,28,88193,4.080890773644167,1,successful
1.7,9,3.86,86,0,0,0,57,484,3.9917355371900825,0,successful
12.0,59,3.59,64,0,0,0,44,5244,4.0139206712433255,0,average
6.0,33,4.04,846,0,0,0,41,21485,4.146241563881778,0,successful
11.0,10,3.91,13488,0,0,0,31,17816,4.179445442299057,1,very_successful
5.0,59,4.27,22,0,0,0,43,521,4.126679462571977,0,average
9.0,49,3.72,109,0,0,0,36,267,4.04119850187266,0,average
15.0,68,3.87,546,0,0,0,40,6775,4.184059040590406,0,successful
5.0,5,3.1,31,0,0,0,27,2792,4.325214899713467,0,successful
15.0,13,4.11,56,0,0,0,41,2166,4.030470914127424,0,average
11.0,54,3.93,90,0,0,0,29,11401,4.093588281729673,1,successful
14.0,84,3.79,103,0,0,0,49,29265,4.288399111566718,0,average
16.0,56,4.01,781,0,0,0,18,12083,4.26673839278325,0,successful
6.0,6,3.97,2564,0,0,0,35,12974,3.965700632033297,0,very_successful
13.0,11,3.47,487,0,0,0,14,3670,3.9787465940054494,0,successful
3.86,4,3.48,23,0,0,0,49,55670,4.1214837434884135,1,average
3.74,55,4.23,1416,0,1,0,41,37956,4.030377278954579,0,successful
7.0,9,3.23,43,0,0,0,40,7363,4.106342523427951,0,average
12.0,11,3.61,171,0,0,0,54,4811,4.194554146747038,0,successful
8.0,26,3.07,14,0,0,0,40,43,3.186046511627907,0,average
12.0,11,4.09,11,0,0,0,84,1770,3.9338983050847456,0,average
7.0,6,3.65,20,0,0,0,18,24,3.625,0,average
8.0,22,3.74,638,0,0,0,44,9034,4.1911667035643125,0,successful
6.0,11,4.11,76,0,0,0,43,54504,3.80168428005284,1,successful
4.0,4,4.07,46,0,0,0,48,32168,3.884543645859239,0,average
9.0,8,3.8,501,0,0,0,43,11505,4.136723163841808,0,successful
3.0,3,4.29,58,0,1,0,34,1050,3.883809523809524,0,average
16.0,14,3.73,89,0,0,0,41,130598,3.946790915634237,0,average
5.84,11,4.19,307,0,0,0,40,10377,4.172785968969837,0,successful
11.0,17,3.4,10,0,0,0,43,33855,3.917353418992764,0,average
2.0,2,3.53,58,1,0,0,45,689,4.030478955007257,0,average
8.0,7,3.13,111,0,0,0,25,6623,4.072474709346218,0,successful
7.0,22,3.79,797,0,0,0,40,4809,4.250155957579539,0,successful
2.0,2,3.7,355,0,0,0,23,12309,4.045170200666179,1,successful
8.0,34,4.14,429,0,0,0,36,905,3.9392265193370166,1,successful
11.0,10,3.73,128,0,0,0,38,105015,3.789601485502071,0,successful
5.0,11,3.72,54,0,0,0,17,4836,4.039495450785774,0,average
6.0,6,4.29,2808,1,1,1,39,33675,4.314149962880475,0,successful
12.0,13,3.91,192,0,0,0,42,571,4.017513134851138,0,successful
6.0,6,4.27,15,0,0,0,43,2988,3.896921017402945,1,average
11.0,10,3.64,829,0,0,0,24,10474,3.908535421042582,0,successful
8.0,7,4.43,398,0,0,0,39,816,4.181372549019608,1,successful
2.0,2,2.44,9,0,0,0,42,26951,4.035360468999295,0,average
5.66,5,4.14,2927,0,0,0,29,8205,4.195856185252895,0,very_successful
3.94,8,3.9,21,0,0,0,39,189,4.068783068783069,0,average
14.0,12,3.61,548,0,0,0,26,40457,3.9603282497466448,0,successful
9.0,8,3.9,613,0,0,0,21,4335,4.057208765859285,0,successful
4.0,4,3.1,21,0,0,0,25,22615,4.078222418748618,0,average
11.0,10,4.75,4,0,0,0,20,10286,3.6965778728368655,0,average
7.0,34,4.52,106,0,1,0,35,1269,4.150512214342002,0,average
2.0,2,4.19,81,0,1,0,35,126370,4.14695734747171,1,successful
3.92,4,3.76,4367,0,0,0,36,55499,4.138885385322258,0,very_successful
8.0,84,3.31,1554,0,0,0,37,80713,4.187813611190267,0,successful
16.0,14,3.16,370,0,0,0,27,47356,4.05688825069685,0,successful
8.0,7,3.98,234,0,0,0,27,47356,4.05688825069685,0,successful
3.0,3,3.67,12,0,0,0,40,38100,4.291469816272966,0,average
8.0,7,4.19,54,0,1,0,21,8989,3.851930136833908,1,average
11.0,10,3.24,96,0,0,0,40,2282,4.21034180543383,0,average
11.0,10,4.02,2050,1,0,0,41,21485,4.146241563881778,0,successful
12.0,11,3.0,6,0,0,0,25,366,3.9754098360655736,0,average
16.0,16,3.82,50,0,0,0,25,7676,4.039473684210527,0,average
14.0,51,3.75,36,0,0,0,42,16885,3.897897542197216,0,average
3.0,7,3.67,6,0,0,0,19,1284,3.9750778816199377,0,average
3.86,4,3.48,23,0,0,0,49,55670,4.1214837434884135,1,average
5.82,58,3.93,623,0,0,0,61,1663,4.071557426337943,0,successful
8.0,7,3.67,6,0,0,0,37,519,3.791907514450867,0,average
11.0,17,4.67,3,0,0,0,14,1279,3.707584050039093,0,average
11.0,10,3.87,901,0,0,0,35,12441,3.924684510891408,0,successful
1.86,2,3.78,36,0,0,0,42,45524,3.9729373517265616,1,successful
3.88,4,3.47,34,0,0,0,38,5654,3.9587902370003536,0,average
8.0,33,0.0,0,0,0,0,41,9395,4.1100585417775415,0,average
3.71,5,5.0,1,0,0,0,135,60,4.2,0,average
11.0,28,3.93,107,0,0,0,44,435,4.186206896551724,0,average
5.0,5,4.13,103,0,0,0,48,32168,3.884543645859239,0,successful
11.0,13,3.87,46,0,0,0,41,27964,3.948612501788013,0,average
11.0,152,3.91,808,0,0,0,43,87178,3.908359907316066,0,successful
13.0,43,4.31,65,0,1,0,40,6256,4.101182864450128,0,successful
8.0,11,4.28,3345,0,1,0,36,20169,4.258515543656106,0,successful
13.0,11,3.9,1184,0,0,0,52,9981,4.308385933273219,0,successful
5.83,5,4.36,22,0,0,0,24,17471,3.952836128441417,0,average
8.0,7,3.44,63,0,0,0,40,5595,3.7726541554959785,0,average
2.81,33,3.64,14,0,0,0,43,42919,4.105967054218412,0,average
2.0,26,4.36,2942,0,1,0,118,21012,4.189843898724538,1,successful
5.84,5,4.04,24,0,0,0,25,9470,3.9568109820485744,0,average
16.0,14,4.0,2,0,0,0,34,3063,4.434214822069866,0,average
7.0,26,2.9,10,0,0,0,33,32,3.1875,0,average
6.0,38,3.82,1442,0,0,0,9,6476,4.157659048795553,0,successful
9.0,8,3.29,99,0,0,0,28,88193,4.080890773644167,1,successful
2.66,9,5.0,1,0,0,0,63,54773,4.437770434338086,0,average
6.0,47,4.28,134,0,0,0,43,25914,3.862313807208458,0,successful
16.0,33,4.15,61,0,0,0,33,2435,3.9967145790554417,0,average
8.0,14,3.98,217,0,0,0,25,7676,4.039473684210527,0,successful
5.8,43,3.47,2407,1,0,0,35,21210,3.9623762376237615,0,very_successful
9.0,10,0.0,0,0,0,0,43,291,3.690721649484536,0,average
7.0,6,4.09,57,0,0,0,139,3038,4.342659644502962,0,average
12.0,11,3.64,50,0,0,0,31,3762,3.7974481658692185,0,successful
2.89,7,5.0,1,0,0,0,37,30,3.733333333333333,0,average
8.0,56,4.67,6,0,0,0,19,47,3.872340425531915,0,average
9.0,8,3.71,51,0,0,0,21,5939,4.070213840713925,1,average
5.67,6,3.51,245,0,0,0,43,6246,4.0276977265449885,0,successful
6.0,13,3.26,255,0,0,0,43,3161,4.181588105030054,0,successful
11.0,85,3.58,19,0,0,0,40,26833,4.235381805985168,0,average
8.0,7,4.14,2182,0,0,0,31,10258,4.243712224605186,1,successful
7.0,31,0.0,0,0,0,0,43,53225,3.949159229685298,0,average
14.0,85,4.23,61,0,1,0,41,12913,3.981336637497096,1,average
14.0,12,4.04,475,0,0,0,43,10264,4.007209664848013,1,successful
8.0,7,4.13,2396,0,0,0,36,6329,4.16290093221678,0,successful
2.0,2,4.15,34,0,0,0,48,620,4.220967741935484,0,average
8.0,30,3.09,65,0,0,0,40,2867,4.0798744332054415,0,successful
2.0,25,3.9,58,0,0,0,37,167,3.6107784431137726,0,average
2.0,2,2.92,12,0,0,0,25,366,3.9754098360655736,0,average
9.0,8,3.03,124,0,0,0,41,6715,4.057185405807893,1,successful
3.0,3,4.29,58,0,1,0,34,1050,3.883809523809524,0,average
9.0,8,4.14,5232,0,0,0,38,8776,4.153030993618961,0,very_successful
11.0,84,3.61,18,0,0,0,27,435,3.855172413793104,0,average
4.0,4,3.51,550,0,0,0,32,13884,4.222846441947565,0,successful
11.0,22,3.66,129,0,0,0,35,2078,3.768046198267565,0,successful
4.0,4,4.13,24,0,0,0,127,4572,3.937226596675416,0,average
4.9,5,3.96,25,0,0,0,26,32858,3.88553776857995,0,average
9.0,8,3.85,183,0,0,0,55,7076,3.968061051441493,0,successful
12.0,43,3.65,26,0,0,0,52,425,4.110588235294117,0,average
7.0,30,3.28,179,0,0,0,109,13625,4.382091743119266,1,successful
7.0,8,3.73,237,0,0,0,38,67171,4.1023209420732165,0,successful
1.85,11,3.9,97,0,0,0,40,91631,3.83793694273772,1,average
12.0,11,0.0,0,0,0,0,25,6,4.5,0,average
12.0,110,4.04,2748,0,0,0,41,8191,4.190208765718472,0,very_successful
5.88,9,4.07,6450,0,0,0,55,12304,4.319001950585175,0,very_successful
15.0,102,4.23,483,0,0,0,40,26833,4.235381805985168,0,successful
8.0,75,4.39,5254,0,0,0,36,6719,4.447536835838666,0,very_successful
9.0,8,4.2,2749,0,1,0,43,36361,3.967520145210528,0,successful
9.0,8,3.0,2,0,0,0,38,62,3.774193548387097,0,average
8.0,9,3.38,94,0,0,0,41,4955,4.005247225025227,0,average
7.0,7,0.0,0,0,0,0,22,193,4.062176165803109,0,average
6.0,6,3.3,102,0,0,0,31,5841,4.2177709296353365,0,average
4.7,19,3.87,15,0,0,0,41,14327,4.192084874712082,0,average
6.0,7,3.67,258,0,0,0,40,2685,3.950093109869646,0,successful
4.93,6,3.77,47,0,0,0,41,17752,3.8996732762505633,0,average
3.0,3,3.94,426,0,0,0,32,43676,4.283611136550967,0,successful
8.0,17,3.94,787,0,0,0,43,2700,4.046296296296297,0,successful
2.0,2,3.87,320,0,0,0,20,1029,3.9659863945578233,0,successful
8.0,47,4.14,2360,0,0,0,45,139788,4.166509285489456,0,successful
14.0,12,3.65,3574,0,0,0,32,16064,4.22379233067729,0,successful
15.0,68,3.87,546,0,0,0,40,6775,4.184059040590406,0,successful
8.0,7,4.23,870,0,0,0,21,2380,4.251260504201681,0,successful
5.67,19,3.53,18393,0,0,0,37,19248,3.889131338320865,0,very_successful
14.0,84,4.22,686,0,0,0,40,32386,4.260791700117335,0,successful
7.0,43,3.36,130,0,0,0,42,6731,3.98499480017828,0,successful
9.0,8,3.94,4304,0,0,0,41,18877,4.079885575038406,0,very_successful
11.0,26,5.0,1,0,0,0,80,8685,4.140702360391479,0,average
16.0,14,3.0,3,0,0,0,34,31,3.548387096774193,0,average
6.0,7,3.31,36,0,0,0,40,4856,4.167627677100494,0,average
12.0,17,3.36,230,0,0,0,34,1837,4.160587915078933,0,successful
16.0,14,3.28,18,0,0,0,81,901,3.982241953385128,1,average
12.0,17,4.21,103,0,0,0,43,20478,3.9103428069147377,1,successful
13.0,68,3.48,121,0,0,0,40,18079,4.194922285524642,0,average
11.0,10,3.75,1717,0,0,0,23,190918,4.235886611005772,0,successful
11.0,38,3.91,1433,0,0,0,63,30225,4.267890818858561,0,successful
3.71,6,3.45,181,0,0,0,42,9651,4.079162781058957,0,successful
6.0,9,3.8,245,0,0,0,40,7363,4.106342523427951,0,successful
6.0,6,3.89,1229,0,0,0,41,14676,4.07420278004906,0,successful
12.0,16,3.28,701,0,0,0,20,3990,3.897243107769424,0,successful
2.0,2,4.01,7575,0,0,0,51,229199,4.165079254272488,0,very_successful
5.0,5,0.0,0,0,0,0,35,1172,4.122866894197952,0,average
5.0,5,3.3,1013,0,0,0,32,13510,4.297335307179867,1,successful
4.66,11,4.01,10122,0,0,0,44,203805,4.216476533941759,0,very_successful
8.0,22,4.0,17,0,0,0,43,65189,4.049640276733805,0,average
9.0,9,0.0,0,0,0,0,44,246312,4.203725356458476,0,average
8.0,9,3.95,63,0,0,0,41,36913,3.949421612981877,1,successful
16.0,14,0.0,0,0,0,0,40,1442,4.466019417475728,0,average
5.0,5,4.1,166,0,1,0,42,13909,4.356819325616507,0,successful
6.0,6,4.0,1244,0,0,0,35,12974,3.965700632033297,0,successful
18.0,59,2.67,6,0,0,0,34,2038,4.5014720314033365,0,average
8.0,7,3.8,9330,0,0,0,38,70773,4.038319698189988,0,very_successful
11.0,10,3.8,10,0,0,0,26,247,3.94331983805668,0,average
5.0,25,4.19,494,0,0,0,43,4524,3.865384615384616,0,successful
5.0,10,4.08,12,0,0,0,40,4150,4.252289156626506,0,average
26.0,168,4.15,20,0,0,0,17,131,3.854961832061069,0,average
6.0,6,3.83,18,0,0,0,23,116,3.775862068965517,0,average
5.78,9,3.71,28,0,0,0,43,33855,3.917353418992764,0,average
5.0,7,4.13,2409,0,0,0,28,88193,4.080890773644167,1,very_successful
5.73,5,3.86,7,0,0,0,42,885,4.15593220338983,1,average
3.83,4,3.64,1773,0,0,0,48,32168,3.884543645859239,0,successful
7.0,6,3.69,71,0,0,0,36,12134,3.86690291742212,0,average
15.0,13,4.11,56,0,0,0,41,2166,4.030470914127424,0,average
3.92,4,3.76,4367,0,0,0,36,55499,4.138885385322258,0,very_successful
11.0,20,3.43,14,0,0,0,34,3120,4.174679487179487,0,average
6.0,6,4.75,4,0,0,0,25,5123,3.9586179972672255,0,average
2.65,3,3.4,3443,0,0,0,31,68022,4.320587456999206,1,very_successful
3.71,4,3.44,16,0,0,0,23,12309,4.045170200666179,1,average
13.0,26,3.78,37,0,0,0,41,1022,3.86399217221135,0,average
12.0,11,3.59,181,0,0,0,54,4924,3.81965881397238,0,successful
13.0,252,3.91,12041,0,0,0,35,45964,4.097119484814202,1,very_successful
12.0,168,4.09,529,0,0,0,52,73595,4.38569196276921,1,successful
5.69,17,4.31,922,0,0,0,43,9465,4.138404648705758,0,successful
6.0,8,3.79,1010,0,0,0,6,10665,4.073792780121894,0,successful
11.0,10,4.1,413,1,0,0,29,17922,4.380203102332329,0,successful
5.0,5,3.75,20,0,0,0,50,3053,3.8584998362266623,0,average
7.0,6,3.19,245,0,0,0,43,9341,4.012953645219998,1,successful
11.0,10,3.56,402,0,0,0,41,20037,3.880071867045965,0,successful
5.65,10,2.86,7,0,0,0,41,17752,3.8996732762505633,0,average
5.85,5,3.55,1004,0,0,0,20,7314,3.938200710965272,0,successful
8.0,85,4.11,19,0,0,0,42,14664,4.231928532460447,0,average
6.0,6,4.13,616,0,0,0,18,15436,4.040554547810314,0,successful
11.0,10,3.96,115,0,0,0,14,5175,3.870917874396136,0,average
14.0,26,4.12,437,0,0,0,43,4220,4.109952606635071,0,successful
3.68,4,3.71,42,0,0,0,38,105015,3.789601485502071,0,average
18.0,76,3.56,120,0,0,0,41,8950,4.274301675977654,0,average
5.0,22,3.32,395,0,0,0,39,3809,3.582830139144132,0,successful
7.0,14,4.24,50,0,0,0,43,1160,4.143965517241379,0,average
8.0,65,4.14,1366,0,0,0,93,20824,4.063724548597772,0,successful
16.0,14,3.72,18,0,0,0,37,5508,4.322984749455338,0,average
5.74,5,3.9,1179,0,0,0,20,11854,4.094904673527923,0,successful
8.0,7,3.71,2747,0,0,0,43,65189,4.049640276733805,0,successful
8.0,7,3.63,2058,0,0,0,43,65189,4.049640276733805,0,very_successful
3.0,14,3.9,51,0,0,0,41,9395,4.1100585417775415,0,average
2.89,7,5.0,1,0,0,0,37,30,3.733333333333333,0,average
2.0,6,3.32,121,0,0,0,36,543,4.119705340699816,0,successful
9.0,65,3.7,162,0,0,0,36,3373,3.9647198339756895,0,successful
9.0,9,0.0,0,0,0,0,44,246312,4.203725356458476,0,average
11.0,10,4.03,756,0,0,0,14,8821,3.872009976193176,0,successful
9.0,9,4.2,300,0,0,0,40,82219,3.5900825843174937,1,successful
4.8100000000000005,5,0.0,0,0,0,0,47,6,4.333333333333333,0,average
8.0,10,3.8,5,0,0,0,23,129,3.7906976744186047,0,average
8.0,140,4.17,1910,0,0,0,19,2050,4.167804878048781,0,successful
5.0,5,2.98,102,0,0,0,20,10320,3.904941860465117,1,successful
6.0,6,3.98,330,1,0,0,26,1428,4.351540616246498,0,successful
13.0,11,4.14,582,0,0,0,36,6329,4.16290093221678,0,successful
2.89,7,5.0,1,0,0,0,37,30,3.733333333333333,0,average
11.0,10,3.97,212,0,0,0,21,543,3.9318600368324126,0,successful
5.0,5,4.13,103,0,0,0,48,32168,3.884543645859239,0,successful
7.0,6,3.6,25,0,0,0,127,483,4.15527950310559,0,average
9.0,8,4.24,192,1,1,0,28,794,4.298488664987405,0,successful
12.0,11,3.6,30,0,0,0,38,105015,3.789601485502071,0,average
5.75,25,3.67,117,0,0,0,25,706,4.209631728045326,0,successful
11.0,16,2.92,12,0,0,0,16,18,3.6666666666666665,0,average
11.0,102,4.15,674,0,0,0,41,8191,4.190208765718472,0,successful
11.0,47,4.39,23,0,0,0,40,7197,4.3609837432263445,0,average
7.0,6,3.83,18,0,0,0,26,75,3.826666666666666,0,average
1.72,2,3.77,30,0,0,0,48,32168,3.884543645859239,0,average
2.9,3,3.89,19,0,0,0,139,163,4.190184049079755,0,average
8.0,9,3.95,903,0,0,0,39,24564,3.928879661292949,0,successful
2.81,33,3.64,14,0,0,0,43,42919,4.105967054218412,0,average
2.0,2,4.15,34,0,0,0,48,620,4.220967741935484,0,average
8.0,7,4.2,10,0,0,0,20,88,3.9318181818181817,0,average
5.86,59,4.06,223,0,0,0,41,18877,4.079885575038406,0,successful
11.0,26,3.95,596,0,0,0,33,5534,3.999819298879653,0,successful
2.67,67,0.0,0,0,0,0,27,13,3.692307692307693,0,average
11.0,10,4.05,1479,0,0,0,45,5816,3.936382393397524,0,successful
13.0,68,3.79,1095,0,0,0,66,24306,4.236690529087468,0,successful
5.65,10,2.86,7,0,0,0,41,17752,3.8996732762505633,0,average
8.0,7,4.04,139,0,0,0,37,12745,4.277991369164378,0,average
14.0,102,4.18,197,0,1,0,40,17856,4.17372311827957,0,successful
11.0,60,3.38,37,0,0,0,25,703,3.9601706970128014,0,successful
7.0,23,3.98,2159,0,0,0,40,213709,4.293899648587566,0,successful
11.0,10,3.86,2102,0,0,0,39,14284,4.025623074768972,0,successful
9.0,31,3.92,317,0,0,0,34,8043,4.165982842223051,0,successful
8.0,84,4.19,3679,0,1,0,37,80713,4.187813611190267,0,successful
8.0,7,4.39,23,0,0,0,20,107,3.897196261682243,0,average
11.0,84,3.65,31,0,0,0,34,5311,4.034645076256825,0,average
15.0,13,4.4,10,0,0,0,36,34,3.676470588235294,0,average
16.0,14,3.44,27,0,0,0,35,572,3.367132867132867,0,average
5.0,5,2.94,667,0,0,0,25,8740,4.230320366132723,0,successful
13.0,85,4.11,47,0,0,0,40,9078,3.878166997135933,0,average
20.0,17,3.2,60,0,0,0,36,64,3.25,0,average
16.0,14,3.73,89,0,0,0,41,130598,3.946790915634237,0,average
1.0,10,3.56,52,0,0,0,40,91631,3.83793694273772,1,average
9.0,14,3.31,3344,0,0,0,33,25356,3.9025477204606407,0,very_successful
14.0,12,4.26,429,0,1,0,22,1178,4.223259762308999,0,successful
6.0,17,0.0,0,0,0,0,43,65189,4.049640276733805,0,average
7.0,6,2.75,4,0,0,0,24,10474,3.908535421042582,0,average
11.0,10,3.91,487,0,0,0,52,5042,4.146568821896073,0,successful
1.72,2,3.77,30,0,0,0,48,32168,3.884543645859239,0,average
5.67,5,3.63,7242,0,0,0,40,839882,4.103759813878616,0,very_successful
6.0,8,3.31,13,0,0,0,40,3515,3.983783783783784,0,average
6.0,7,4.31,13,0,0,0,41,25222,4.001546269130125,0,average
12.0,102,4.11,75,0,0,0,40,7740,4.227260981912145,1,average
11.0,59,3.61,28,0,0,0,40,14291,4.184731649289763,0,average
12.0,17,4.17,18,0,0,0,37,71919,4.385294567499548,0,average
11.0,10,3.58,483,0,0,0,38,6364,4.132463859208046,0,successful
8.0,7,3.76,843,1,0,0,37,25752,4.256873252562908,0,successful
5.0,24,3.7,10,0,0,0,42,35262,3.939481594918042,0,average
4.0,4,4.5,2,0,0,0,20,2707,4.189139268562985,0,average
11.0,43,3.28,2521,0,0,0,35,15502,4.115275448329248,0,successful
12.0,11,4.24,17,0,0,0,36,2647,3.8398186626369473,0,average
11.0,17,3.26,692,0,0,0,37,4830,3.8430641821946168,0,successful
8.0,7,3.88,8,0,0,0,25,334,3.736526946107785,0,average
7.0,7,3.85,1193,0,0,0,31,17816,4.179445442299057,1,successful
8.0,11,3.87,91,0,0,0,25,11557,4.04006229990482,0,average
1.88,25,4.46,26,0,1,0,43,1373,4.007283321194465,0,average
11.0,10,4.32,269,0,1,0,54,4811,4.194554146747038,0,successful
9.0,135,3.55,33,0,0,0,39,9940,4.048993963782697,0,average
3.88,5,3.66,585,0,0,0,41,35358,4.018157135584592,1,successful
11.0,11,2.99,228,0,0,0,17,5264,4.032864741641338,0,successful
8.0,11,2.81,21,0,0,0,17,31,3.5806451612903225,0,average
5.65,6,3.96,164,0,0,0,23,12309,4.045170200666179,1,successful
8.0,65,3.97,29,0,0,0,33,239,3.882845188284519,0,average
2.0,2,4.8,5,0,0,0,35,42,3.6666666666666665,0,average
12.0,13,4.25,215,0,0,0,40,15076,4.084969487927832,0,successful
1.66,2,3.75,20,0,0,0,26,247,3.94331983805668,0,average
7.0,6,3.27,601,0,0,0,9,16757,3.965387599212269,0,successful
8.0,20,3.12,341,0,0,0,138,7858,3.9531687452277935,0,successful
9.0,8,4.03,248,0,0,0,45,1722,3.9065040650406506,0,successful
8.0,7,3.69,294,0,0,0,36,821,3.766138855054811,0,successful
14.0,107,4.38,425,0,1,0,10,27175,3.966034958601656,0,successful
8.0,13,4.39,574,0,1,0,52,5042,4.146568821896073,0,successful
11.0,43,3.98,397,0,0,0,43,29615,3.9280094546682425,0,successful
19.0,17,4.33,61,0,0,0,38,487,4.234086242299795,0,average
7.0,6,4.0,4,0,0,0,139,34,4.352941176470588,0,average
8.0,8,3.61,2187,0,0,0,38,70773,4.038319698189988,0,successful
11.0,10,3.69,113,0,0,0,20,1403,3.895937277263008,0,successful
12.0,93,4.1,534,0,0,0,40,15540,4.241312741312742,0,successful
2.0,9,3.67,12,0,0,0,41,111,3.8018018018018016,0,average
8.0,7,3.37,19,0,0,0,41,36033,3.965337329670025,1,average
8.0,59,4.05,114,0,0,0,18,231,3.7662337662337664,0,average
5.0,9,4.08,13,0,0,0,43,26018,3.8914213236989776,0,average
5.0,48,4.07,30,0,0,0,45,43876,4.089775731607257,0,average
13.0,34,3.74,54,0,0,0,41,4080,3.987990196078431,0,average
2.0,7,3.91,239,0,0,0,40,591,4.099830795262268,0,successful
8.0,48,4.01,79,0,0,0,17,131,3.854961832061069,0,average
5.86,5,4.55,76,0,0,0,23,96,4.364583333333333,0,average
7.0,34,3.81,192,0,0,0,43,15348,4.013812874641647,0,successful
2.0,2,4.8,5,0,0,0,35,42,3.6666666666666665,0,average
1.68,2,3.67,12,0,0,0,40,1047,3.956064947468959,0,average
8.0,10,4.07,58,0,0,0,23,123,4.040650406504065,0,average
8.0,7,2.0,2,0,0,0,41,14676,4.07420278004906,0,average
8.0,252,3.88,161,0,0,0,41,14780,3.950811907983762,0,successful
12.0,11,3.7,647,0,0,0,24,17471,3.952836128441417,0,successful
2.0,4,3.1,30,0,0,0,40,71,3.422535211267605,0,average
11.0,83,3.63,118,0,0,0,42,626,3.702875399361022,0,successful
8.0,7,4.14,2604,0,0,0,42,13399,4.077095305619823,0,successful
16.0,50,3.93,46,0,0,0,32,19632,4.310666259168704,0,average
8.0,68,0.0,0,0,0,0,43,626,3.916932907348243,0,average
9.0,8,4.41,1153,0,1,0,36,55499,4.138885385322258,0,successful
11.0,38,4.11,377,0,0,0,28,602,4.17109634551495,0,successful
8.0,7,3.71,346,0,0,0,50,3053,3.8584998362266623,0,successful
8.0,50,4.26,1057,0,1,0,27,7631,3.863844843401913,0,successful
11.0,10,3.65,2422,0,0,0,46,78616,4.310432990739798,0,successful
11.0,85,4.0,7,0,0,0,36,21,3.7142857142857135,0,average
17.0,75,4.18,479,0,0,0,60,4778,4.180828798660527,1,successful
7.0,68,1.5,2,0,0,0,43,397,3.858942065491184,0,average
2.8,3,3.4,78,0,0,0,20,1281,4.018735362997658,0,successful
8.0,7,3.43,7,0,0,0,15,249,3.97991967871486,0,average
5.89,5,4.15,48,0,0,0,30,150,3.993333333333333,0,average
8.0,7,3.4,94,0,0,0,37,5281,4.023291043363,1,successful
1.0,1,3.17,6,0,0,0,16,30,4.166666666666667,0,average
8.0,7,3.86,28,0,0,0,28,889,4.390326209223847,0,average
16.0,14,3.87,770,0,0,0,41,39381,4.066326401056347,0,successful
1.66,2,4.21,33,0,1,0,34,15221,4.3932067538269495,0,successful
6.0,6,3.4,5,0,0,0,14,112,3.625,0,average
2.71,3,4.33,12,0,0,0,37,576,4.114583333333333,0,average
8.0,7,3.7,2441,0,0,0,41,39381,4.066326401056347,0,successful
16.0,34,4.28,1612,0,1,0,39,228676,4.23090311182634,1,successful
5.0,5,3.85,279,0,0,0,29,11078,4.043780465788048,0,successful
11.0,26,4.04,1571,0,0,0,46,47476,4.465350914146095,0,successful
6.0,6,3.68,895,0,0,0,39,25260,3.995605700712589,0,successful
4.88,25,4.0,16,0,0,0,41,130598,3.946790915634237,0,successful
16.0,14,4.27,2859,0,1,0,10,18910,4.387414066631412,1,very_successful
11.0,75,3.43,70,0,0,0,25,104,3.682692307692308,0,successful
6.0,34,3.41,106,0,0,0,43,2044,4.00293542074364,0,successful
5.0,25,3.64,44,0,0,0,43,13979,3.870734673438729,1,successful
6.0,10,4.06,1496,0,0,0,25,2359,4.188215345485375,0,successful
6.0,6,3.15,170,0,0,0,62,2510,4.197609561752988,0,successful
14.0,139,4.26,2107,0,1,0,44,20387,4.1934566145092464,0,successful
6.0,33,2.33,3,0,0,0,41,32394,3.9246774093968018,0,average
9.0,17,4.18,34,0,0,0,27,1928,4.130186721991701,0,average
5.0,5,4.1,478,0,0,0,35,14095,4.089677190493083,0,successful
7.0,6,4.22,2019,0,1,0,36,8501,4.164804140689331,0,very_successful
9.0,11,4.4,15,0,0,0,43,29615,3.9280094546682425,0,average
15.0,13,3.5,497,0,0,0,41,3533,4.228700820832154,0,successful
7.0,6,3.75,68,0,0,0,135,331,3.930513595166163,0,successful
13.0,11,3.97,289,0,0,0,54,7034,4.060278646573784,0,successful
7.0,17,3.89,27,0,0,0,35,88,4.0,0,average
4.0,4,4.19,999,0,1,0,41,225438,4.301120485454981,0,successful
8.0,7,3.61,233,0,0,0,26,32858,3.88553776857995,0,successful
14.0,84,3.27,130,0,0,0,40,11900,4.150756302521009,1,successful
8.0,31,4.12,155,0,0,0,43,28295,3.8099664251634566,0,successful
4.0,26,4.3,825,0,1,0,48,12666,4.398310437391442,0,successful
1.68,2,3.67,12,0,0,0,40,1047,3.956064947468959,0,average
11.0,10,4.16,1780,1,0,0,72,19436,4.109024490635933,0,successful
6.0,6,5.0,2,0,0,0,27,28,4.035714285714286,0,average
5.85,43,3.67,45,0,0,0,45,1972,4.340770791075051,1,average
5.69,10,3.74,76,0,0,0,20,161,4.074534161490683,0,successful
5.71,84,3.9,4657,0,0,0,47,127966,4.197458699967179,0,very_successful
9.0,84,4.3,420,0,0,0,43,8404,4.246192289386007,0,successful
12.0,11,3.6,518,0,0,0,43,13127,4.12394301820675,0,successful
5.0,5,4.19,7773,0,1,0,38,10269,4.260005842827929,0,very_successful
9.0,8,4.5,8,0,0,0,46,5988,3.945223780895124,1,average
8.0,59,4.05,114,0,0,0,18,231,3.7662337662337664,0,average
9.0,13,3.75,1017,0,0,0,36,2359,4.058499364137346,0,successful
7.0,13,3.74,54,0,0,0,41,36913,3.949421612981877,1,successful
7.0,6,3.36,11,0,0,0,21,8989,3.851930136833908,1,average
15.0,13,3.88,854,0,0,0,40,11354,3.893693852386824,0,successful
8.0,8,3.98,1612,0,0,0,42,35262,3.939481594918042,0,successful
8.0,7,4.5,2,0,0,0,33,173992,4.326463285668306,1,average
16.0,108,4.25,1524,0,1,0,40,90105,4.201298485100716,1,successful
8.0,42,4.47,1038,0,1,0,48,5781,4.274865940148763,0,successful
9.0,8,4.08,1052,0,0,0,33,16013,4.108849060138637,0,successful
8.0,7,4.3,830,0,1,0,36,9200,4.289673913043479,0,successful
9.0,8,4.08,1336,0,0,0,36,12933,4.044769195082347,0,successful
11.0,10,3.56,402,0,0,0,41,20037,3.880071867045965,0,successful
3.65,4,3.93,4215,0,0,0,81,4570,4.196498905908096,0,very_successful
4.67,4,2.88,82,0,0,0,25,7497,4.079365079365079,0,average
11.0,76,4.23,474,0,0,0,43,33855,3.917353418992764,0,successful
8.0,7,3.41,64,0,0,0,36,942,3.475583864118896,0,successful
8.0,9,4.22,117,0,0,0,41,23832,4.020434709634105,0,successful
8.0,7,3.6,983,0,0,0,139,4921,4.131070920544604,0,successful
12.0,11,1.0,1,0,0,0,25,3,3.0,0,average
8.0,7,3.92,3080,0,0,0,20,11854,4.094904673527923,0,very_successful
6.0,22,4.45,47,0,0,0,41,15812,3.855173286111814,0,successful
8.0,10,5.0,2,0,0,0,23,127,3.874015748031496,0,average
2.69,3,5.0,1,0,0,0,43,7218,4.247714048212801,0,average
1.67,2,3.59,32,0,0,0,43,185,3.967567567567568,0,average
8.0,7,3.0,11,0,0,0,35,5768,4.484396671289876,0,average
6.0,11,3.0,4,0,0,0,17,5264,4.032864741641338,0,average
8.0,7,3.66,581,0,0,0,32,12574,4.002226817241928,0,successful
9.0,8,3.8,501,0,0,0,43,11505,4.136723163841808,0,successful
3.0,17,4.17,788,0,0,0,21,4191,4.30398472918158,0,successful
3.0,3,3.63,8,0,0,0,26,1086,4.056169429097606,0,average
2.71,3,4.33,12,0,0,0,37,576,4.114583333333333,0,average
1.0,8,3.75,4,0,0,0,39,47,4.170212765957447,0,average
11.0,10,3.96,98,0,0,0,42,5070,4.2767258382643,0,average
6.0,7,4.0,4,0,0,0,45,139788,4.166509285489456,0,average
16.0,84,3.41,27,0,0,0,39,9940,4.048993963782697,0,average
5.0,5,3.76,669,0,0,0,48,32168,3.884543645859239,0,successful
11.0,10,2.77,26,0,0,0,49,99,3.5454545454545454,0,average
2.72,17,3.63,116,0,0,0,43,37375,4.179424749163879,0,successful
7.0,7,4.02,636,0,0,0,41,35358,4.018157135584592,1,successful
3.81,4,3.48,101,0,0,0,37,1012,3.983201581027668,0,successful
11.0,10,4.14,37,0,0,0,41,9703,3.9707307018447904,0,average
6.0,6,3.99,160,0,0,0,38,8776,4.153030993618961,0,average
9.0,34,3.14,28,0,0,0,40,1472,3.5346467391304346,0,average
5.0,48,4.07,30,0,0,0,45,43876,4.089775731607257,0,average
8.0,8,4.3,1858,0,1,0,41,19879,3.994718044167211,0,successful
8.0,59,3.78,45,0,0,0,41,58154,3.8713588059290847,1,average
13.0,34,3.74,54,0,0,0,41,4080,3.987990196078431,0,average
11.0,47,4.39,23,0,0,0,40,7197,4.3609837432263445,0,average
15.0,13,3.73,1072,0,0,0,28,24095,3.818634571487861,0,successful
11.0,10,4.0,29,0,0,0,39,24564,3.928879661292949,0,average
2.81,3,3.5,8,0,0,0,35,126370,4.14695734747171,1,average
6.0,17,4.24,1650,0,1,0,44,13308,4.155996393146979,0,successful
5.66,5,4.21,217,0,1,0,35,9857,4.053971796692705,0,successful
6.0,7,3.75,1238,0,0,0,31,5993,4.055231102953446,1,successful
8.0,84,3.6,18463,0,0,0,36,51369,3.9682688002491777,1,very_successful
7.0,9,4.19,1378,0,0,0,43,42919,4.105967054218412,0,successful
14.0,50,0.0,0,0,0,0,43,22711,3.8720443837787855,0,average
1.84,2,3.68,38,0,0,0,57,484,3.9917355371900825,0,average
8.0,7,4.05,152,0,0,0,24,466,3.892703862660944,0,successful
9.0,8,4.03,3024,0,0,0,38,4295,4.208614668218859,0,successful
7.0,22,4.46,52,0,0,0,51,2199,4.236471123237836,0,average
5.0,9,4.67,6,0,0,0,140,2805,4.4866310160427805,0,average
3.72,11,4.29,178,0,1,0,21,32318,4.350176372300266,0,successful
3.81,59,3.74,1444,0,0,0,41,139223,3.933581376640354,0,successful
4.93,5,3.36,83,0,0,0,45,10600,3.8675471698113206,0,successful
11.0,10,4.05,1479,0,0,0,45,5816,3.936382393397524,0,successful
6.0,6,3.68,895,0,0,0,39,25260,3.995605700712589,0,successful
7.0,33,3.0,2,0,0,0,41,25222,4.001546269130125,0,average
16.0,14,3.34,687,0,0,0,26,2363,3.853575962759205,0,successful
8.0,68,0.0,0,0,0,0,43,626,3.916932907348243,0,average
9.0,8,4.07,201,0,0,0,55,5819,4.151916136793264,0,successful
8.0,22,4.6,10,0,0,0,24,63,4.238095238095238,0,average
8.0,11,3.82,1715,0,0,0,37,4907,4.240676584471164,0,successful
5.0,41,3.67,6,0,0,0,43,15348,4.013812874641647,0,average
5.0,8,3.51,747,0,0,0,40,5019,4.069535764096433,0,successful
14.0,51,3.73,445,0,0,0,43,4622,4.014063176114236,1,successful
14.0,14,0.0,0,0,0,0,27,1134,3.955908289241623,0,average
2.8,3,3.17,6,0,0,0,44,4595,4.258106637649619,0,average
8.0,108,3.96,1559,0,0,0,41,5316,4.224604966139955,0,successful
11.0,168,3.33,3,0,0,0,33,47,3.914893617021277,0,average
9.0,8,3.47,593,0,0,0,32,1821,3.9813289401427783,0,successful
8.0,7,3.62,2069,0,0,0,38,12006,3.901216058637348,0,successful
16.0,88,3.67,9,0,0,0,32,16726,4.0444816453425805,1,average
6.0,11,3.0,4,0,0,0,17,5264,4.032864741641338,0,average
7.0,6,3.88,2427,0,0,0,48,32168,3.884543645859239,0,successful
3.66,4,4.48,5882,0,1,0,49,100789,4.462302433797339,1,very_successful
7.0,50,4.02,1046,0,0,0,43,36361,3.967520145210528,0,successful
6.0,76,3.61,613,0,0,0,41,37956,4.030377278954579,0,successful
4.8100000000000005,5,3.84,903,0,0,0,40,45964,3.998651118266469,0,successful
8.0,7,3.52,118,0,0,0,39,612,4.109477124183006,0,successful
8.0,7,4.17,3090,0,0,0,41,21892,4.146857299470126,0,very_successful
14.0,12,3.94,1863,0,0,0,41,31916,4.105777666374232,1,successful
4.67,4,3.92,2151,0,0,0,138,96838,4.264658501827795,0,successful
1.8,2,4.2,15,0,0,0,41,50864,4.079643755898081,1,successful
5.9,5,3.5,425,0,0,0,58,6357,4.254207959729432,0,successful
5.0,5,4.64,377,0,1,0,35,2904,4.422520661157025,0,successful
12.0,11,4.15,5351,0,0,0,36,30892,4.111647028356856,1,very_successful
5.0,5,4.07,7753,0,0,0,32,43676,4.283611136550967,0,very_successful
14.0,43,4.05,167,0,0,0,43,22711,3.8720443837787855,0,successful
12.0,76,4.17,2477,0,0,0,38,151914,4.127921060600077,0,very_successful
5.84,5,4.04,24,0,0,0,25,9470,3.9568109820485744,0,average
13.0,11,3.22,9,0,0,0,41,111,3.8018018018018016,0,average
6.0,6,3.96,661,0,0,0,35,14095,4.089677190493083,0,successful
9.0,51,4.11,283,0,0,0,43,80093,4.006692220293909,0,successful
15.0,13,4.34,3845,0,1,0,10,18910,4.387414066631412,1,very_successful
8.0,10,3.5,6,0,0,0,20,117,3.786324786324786,0,average
7.0,7,3.67,214,0,0,0,41,3592,4.062360801781737,0,successful
8.0,7,3.99,219,0,0,0,23,12309,4.045170200666179,1,successful
2.0,2,2.44,9,0,0,0,42,26951,4.035360468999295,0,average
8.0,11,3.84,153,0,0,0,43,2992,4.260026737967914,0,successful
11.0,49,3.73,26,0,0,0,43,1160,4.143965517241379,0,average
8.0,7,3.5,558,0,0,0,139,8352,4.216954022988506,0,successful
2.69,3,3.32,74,0,0,0,127,193,3.9585492227979273,0,successful
6.0,29,3.71,615,0,0,0,42,1998,4.069069069069069,0,successful
8.0,7,3.52,118,0,0,0,39,612,4.109477124183006,0,successful
5.83,64,3.19,52,0,0,0,9,4943,4.118349180659519,0,average
11.0,17,4.67,3,0,0,0,14,1279,3.707584050039093,0,average
11.0,10,4.34,101,0,1,0,40,32715,4.165000764175455,0,successful
14.0,12,3.7,511,0,0,0,27,47356,4.05688825069685,0,successful
27.0,23,4.25,12,0,0,0,26,399,3.93734335839599,0,average
4.0,4,0.0,0,0,0,0,58,6357,4.254207959729432,0,average
16.0,14,3.74,3079,0,0,0,46,78616,4.310432990739798,0,successful
11.0,18,4.14,5759,0,0,0,46,320031,4.2188662973274464,1,very_successful
8.0,30,3.61,5756,0,0,0,42,73701,4.105127474525448,0,very_successful
5.77,9,2.9,62,0,0,0,43,2044,4.00293542074364,0,average
11.0,12,3.96,666,0,0,0,23,9325,4.1224664879356565,0,successful
9.0,8,3.72,489,0,0,0,38,40245,3.997589762703442,0,successful
12.0,11,3.94,841,0,0,0,17,5264,4.032864741641338,0,successful
5.87,11,3.91,209,0,0,0,29,6187,4.391304347826087,0,successful
7.0,84,3.7,46,0,0,0,38,263,3.779467680608365,0,average
8.0,7,3.97,200,0,0,0,14,5175,3.870917874396136,0,successful
7.0,6,4.2,107,0,0,0,26,247,3.94331983805668,0,successful
8.0,7,3.83,6,0,0,0,23,211,3.5450236966824646,0,average
9.0,8,4.28,1120,0,1,0,39,24564,3.928879661292949,0,successful
8.0,7,3.4,62,0,0,0,14,738,3.829268292682927,0,successful
2.71,6,3.4,20,0,0,0,31,3762,3.7974481658692185,0,average
12.0,87,4.11,2404,0,0,0,40,90105,4.201298485100716,1,successful
13.0,72,3.99,326,0,0,0,48,1370,4.420437956204379,1,successful
3.0,3,3.2,1166,1,0,0,32,13884,4.222846441947565,0,successful
7.0,6,3.67,18,0,0,0,23,12309,4.045170200666179,1,average
5.0,5,3.2,1185,0,0,0,48,32168,3.884543645859239,0,successful
6.0,6,3.4,5,0,0,0,14,112,3.625,0,average
12.0,11,3.68,781,0,0,0,139,779,3.776636713735559,0,successful
8.0,7,4.0,8,0,0,0,36,2283,4.127901883486641,0,average
7.0,6,3.98,129,1,0,0,27,794,4.277078085642318,0,successful
9.0,76,3.55,7088,0,0,0,36,51369,3.9682688002491777,1,very_successful
13.0,11,4.12,2901,0,0,0,36,14502,4.147841677010067,1,successful
16.0,14,4.05,82,0,0,0,36,514,4.217898832684825,0,average
7.0,25,3.5,774,0,0,0,27,11680,4.192893835616438,0,successful
3.87,4,3.68,62,0,0,0,40,265,3.6264150943396234,0,successful
4.93,6,3.77,47,0,0,0,41,17752,3.8996732762505633,0,average
15.0,92,3.51,74,0,0,0,38,151914,4.127921060600077,0,average
5.91,5,3.38,414,0,0,0,36,12134,3.86690291742212,0,successful
3.0,8,3.79,57,0,0,0,41,4080,3.987990196078431,0,average
11.0,134,3.54,28,0,0,0,46,1926,4.071651090342679,0,average
8.0,7,4.25,3127,0,1,0,44,16803,4.155031839552461,0,very_successful
6.0,9,4.08,1367,0,0,0,41,5316,4.224604966139955,0,successful
2.0,56,3.07,28,0,0,0,26,4435,3.696054114994363,0,average
5.0,19,3.71,59,0,0,0,11,210,3.961904761904762,0,average
13.0,11,2.5,2,0,0,0,29,31,3.774193548387097,0,average
7.0,6,4.07,14,0,0,0,41,7023,4.235939057382885,0,average
